t,dx,dy,dz,ax,az
0.0,0.0,0.0,0.0,-25.63,238.73
0.01,-0.2016,0.0089,-0.0878,-14.34,220.11
0.02,-0.405,0.0246,-0.1537,-21.43,195.66
0.03,-0.6107,0.0485,-0.2,-35.4,172.75
0.04,-0.8198,0.0814,-0.2288,-42.58,157.68
0.05,-1.0327,0.1235,-0.2415,-32.13,154.08
0.06,-1.2481,0.1742,-0.2385,0.81,162.05
0.07,-1.463,0.2312,-0.2191,53.76,178.53
0.08,-1.6722,0.2916,-0.1817,117.83,198.28
0.09,-1.8696,0.3522,-0.1245,180.72,215.61
0.1,-2.0492,0.4104,-0.0459,229.98,226.72
0.11,-2.2064,0.4642,0.0552,256.15,230.74
0.12,-2.3386,0.5128,0.1792,255.31,229.29
0.13,-2.4459,0.5564,0.3262,230.76,225.56
0.14,-2.5304,0.5967,0.4958,192.64,222.75
0.15,-2.5956,0.6359,0.6877,154.28,222.95
0.16,-2.645,0.6773,0.902,127.34,226.8
0.17,-2.6813,0.7237,1.1391,118.44,232.9
0.18,-2.7052,0.7769,1.3995,127.82,237.45
0.19,-2.716,0.8366,1.6835,149.41,235.42
0.2,-2.7117,0.9004,1.9907,172.81,222.64
0.21,-2.6904,0.9649,2.32,186.55,197.32
0.22,-2.6509,1.0261,2.6687,181.62,160.88
0.23,-2.5938,1.0805,3.0334,154.13,118.18
0.24,-2.5217,1.1258,3.4099,107.01,76.63
0.25,-2.4391,1.1608,3.7944,50.22,43.4
0.26,-2.3513,1.1857,4.1835,-1.77,22.36
0.27,-2.2633,1.2019,4.5751,-35.1,11.9
0.28,-2.178,1.2113,4.9681,-41.66,5.0
0.29,-2.0962,1.2163,5.3614,-21.96,-7.7
0.3,-2.0162,1.2188,5.7537,15.5,-33.92
0.31,-1.9344,1.2201,6.1421,57.42,-76.94
0.32,-1.8471,1.2209,6.5226,90.24,-134.32
0.33,-1.7512,1.2213,6.8894,104.0,-198.68
0.34,-1.6455,1.2215,7.2365,94.32,-259.89
0.35,-1.5308,1.2209,7.558,62.91,-307.69
0.36,-1.4102,1.2188,7.8493,17.48,-334.26
0.37,-1.2879,1.2139,8.1078,-29.89,-336.6
0.38,-1.1682,1.2058,8.3331,-66.5,-317.54
0.39,-1.0547,1.194,8.5271,-82.94,-285.01
0.4,-0.9488,1.1787,8.6927,-75.75,-249.38
0.41,-0.8499,1.1599,8.8333,-48.06,-219.93
0.42,-0.7556,1.1379,8.9516,-8.39,-201.99
0.43,-0.662,1.1131,9.0494,32.16,-195.45
0.44,-0.5654,1.086,9.1276,62.88,-194.79
0.45,-0.4629,1.0574,9.1864,75.7,-191.66
0.46,-0.3534,1.0278,9.2263,66.45,-178.81
0.47,-0.2378,0.9981,9.2486,35.93,-152.86
0.48,-0.1189,0.9692,9.2561,-9.67,-115.02
0.49,-0.001,0.9416,9.2522,-59.67,-70.51
0.5,0.1111,0.9152,9.2413,-101.66,-26.88
0.51,0.2136,0.8896,9.2275,-125.43,8.29
0.52,0.3041,0.8642,9.2142,-125.93,29.78
0.53,0.3826,0.8385,9.2036,-103.98,36.43
0.54,0.4512,0.8117,9.1964,-65.03,31.44
0.55,0.5135,0.7845,9.1922,-16.91,21.3
0.56,0.5742,0.759,9.1903,32.22,14.45
0.57,0.638,0.7379,9.1901,74.93,19.25
0.58,0.7091,0.723,9.1923,104.97,41.22
0.59,0.7902,0.714,9.1992,118.4,81.16
0.6,0.8828,0.7094,9.2145,114.81,134.88
0.61,0.9865,0.7063,9.2435,97.52,194.11
0.62,1.0998,0.7019,9.2919,72.47,248.26
0.63,1.2205,0.6938,9.3647,46.84,286.95
0.64,1.3459,0.6808,9.4656,27.86,302.56
0.65,1.4746,0.6628,9.5962,21.95,292.07
0.66,1.6059,0.6407,9.7555,33.31,257.63
0.67,1.741,0.6165,9.9401,62.18,205.45
0.68,1.8827,0.5929,10.1451,103.52,143.67
0.69,2.0348,0.5718,10.3644,147.02,79.81
0.7,2.2013,0.554,10.5918,179.23,18.77
0.71,2.3853,0.5389,10.8212,187.83,-37.17
0.72,2.5873,0.525,11.0472,165.47,-86.79
0.73,2.805,0.5113,11.2646,111.41,-128.86
0.74,3.0333,0.4967,11.4695,32.05,-161.47
0.75,3.2646,0.4808,11.6586,-59.76,-182.4
0.76,3.49,0.4631,11.8298,-147.41,-190.68
0.77,3.7012,0.4434,11.9822,-214.33,-187.65
0.78,3.8919,0.4213,12.1161,-247.68,-176.99
0.79,4.0588,0.397,12.2324,-242.24,-164.66
0.8,4.2023,0.3709,12.3322,-203.32,-157.88
0.81,4.326,0.3427,12.4159,-146.09,-162.95
0.82,4.4351,0.3117,12.483,-90.44,-182.82
0.83,4.5347,0.2768,12.5315,-54.06,-215.82
0.84,4.6282,0.2366,12.5583,-48.09,-255.94
0.85,4.7161,0.191,12.5596,-74.72,-294.0
0.86,4.7959,0.1409,12.5319,-126.15,-320.05
0.87,4.863,0.0885,12.4726,-186.96,-327.04
0.88,4.9115,0.0364,12.3813,-239.76,-313.67
0.89,4.9367,-0.0127,12.2589,-270.44,-285.0
0.9,4.9356,-0.0573,12.1083,-271.82,-250.45
0.91,4.9081,-0.0973,11.9326,-245.48,-220.25
0.92,4.8565,-0.1346,11.7346,-201.1,-201.77
0.93,4.7849,-0.1721,11.5162,-153.09,-196.43
0.94,4.6977,-0.2131,11.2779,-116.13,-198.92
0.95,4.5985,-0.2595,11.0199,-100.54,-199.79
0.96,4.4886,-0.3117,10.7422,-108.93,-189.62
0.97,4.3675,-0.3687,10.446,-136.5,-163.05
0.98,4.2324,-0.4282,10.1339,-174.06,-121.28
0.99,4.08,-0.4875,9.81,-211.15,-71.65
1.0,3.9068,-0.5437,9.4788,-238.77,-24.94
1.01,3.71,-0.5949,9.1449,-251.61,7.69
1.02,3.4886,-0.6404,8.8112,-249.1,17.41
1.03,3.2425,-0.6813,8.4787,-234.93,0.37
1.04,2.9732,-0.72,8.1456,-215.28,-40.72
1.05,2.6823,-0.7594,7.8081,-196.66,-96.82
1.06,2.3717,-0.8012,7.461,-183.22,-154.06
1.07,2.0427,-0.8454,7.0989,-174.55,-196.87
1.08,1.6963,-0.891,6.7178,-165.95,-212.2
1.09,1.3334,-0.9366,6.3165,-150.82,-193.33
1.1,0.9559,-0.9805,5.8966,-123.22,-141.85
1.11,0.5664,-1.0209,5.4632,-80.61,-67.9
1.12,0.1692,-1.0564,5.0232,-25.47,12.0
1.13,-0.2303,-1.0861,4.5842,35.76,79.8
1.14,-0.6262,-1.1097,4.1526,95.27,122.06
1.15,-1.0128,-1.1268,3.7324,146.34,134.59
1.16,-1.3851,-1.1369,3.3252,184.8,123.08
1.17,-1.7391,-1.139,2.9301,209.71,100.96
1.18,-2.0724,-1.1331,2.5453,222.94,85.03
1.19,-2.3837,-1.1202,2.1696,227.19,89.59
1.2,-2.6723,-1.1026,1.8036,224.25,120.94
1.21,-2.9386,-1.0825,1.4502,215.56,175.44
1.22,-3.1834,-1.0616,1.1148,203.6,241.51
1.23,-3.4078,-1.0406,0.8035,191.87,303.67
1.24,-3.6129,-1.0189,0.5222,183.73,347.45
1.25,-3.7994,-0.9956,0.2749,181.4,363.54
1.26,-3.9676,-0.9702,0.0634,185.44,350.05
1.27,-4.117,-0.9432,-0.1137,194.87,312.84
1.28,-4.2468,-0.9154,-0.2597,207.69,264.07
1.29,-4.3558,-0.8871,-0.3792,221.52,219.06
1.3,-4.4427,-0.8592,-0.4762,233.77,191.9
1.31,-4.5062,-0.8324,-0.5534,241.69,190.94
1.32,-4.5457,-0.807,-0.6107,243.02,215.95
1.33,-4.561,-0.7829,-0.646,237.05,258.57
1.34,-4.5527,-0.7596,-0.6552,225.17,304.57
1.35,-4.5219,-0.7369,-0.6343,211.02,337.62
1.36,-4.4699,-0.7156,-0.5802,199.86,344.56
1.37,-4.3977,-0.6971,-0.4923,197.0,319.5
1.38,-4.3054,-0.6837,-0.3732,205.06,264.65
1.39,-4.1924,-0.6781,-0.2281,222.42,189.64
1.4,-4.0569,-0.6825,-0.0641,244.24,109.74
1.41,-3.897,-0.6977,0.1113,264.49,42.25
1.42,-3.7109,-0.7227,0.2917,277.39,1.92
1.43,-3.4972,-0.7548,0.4732,278.62,-3.36
1.44,-3.2559,-0.792,0.6552,266.25,24.46
1.45,-2.9884,-0.8333,0.8403,240.57,73.76
1.46,-2.697,-0.8791,1.0329,203.5,127.56
1.47,-2.3854,-0.9298,1.2381,157.98,168.84
1.48,-2.0581,-0.9857,1.4595,107.38,184.29
1.49,-1.72,-1.0469,1.6987,55.23,167.43
1.5,-1.3763,-1.1121,1.9539,5.55,120.71
1.51,-1.0319,-1.1789,2.2207,-37.37,54.45
1.52,-0.6909,-1.2437,2.493,-70.12,-16.69
1.53,-0.3565,-1.303,2.7639,-91.18,-78.25
1.54,-0.031,-1.3541,3.0275,-101.61,-120.09
1.55,0.2846,-1.3967,3.2797,-105.55,-139.06
1.56,0.5896,-1.4317,3.5186,-109.34,-139.1
1.57,0.8837,-1.4605,3.7439,-119.0,-129.31
1.58,1.1657,-1.4846,3.9563,-137.36,-120.87
1.59,1.4338,-1.5052,4.1564,-162.65,-123.49
1.6,1.6856,-1.5234,4.3438,-189.29,-142.86
1.61,1.9188,-1.5394,4.5165,-210.1,-179.35
1.62,2.1312,-1.5532,4.6711,-218.16,-227.83
1.63,2.3224,-1.5648,4.8029,-208.27,-279.17
1.64,2.4933,-1.5745,4.9071,-179.16,-323.68
1.65,2.6466,-1.5825,4.9792,-135.11,-354.59
1.66,2.7867,-1.589,5.0164,-84.3,-369.05
1.67,2.9184,-1.5945,5.0172,-36.08,-367.79
1.68,3.0461,-1.5995,4.9815,1.06,-354.67
1.69,3.1737,-1.6049,4.9106,21.46,-334.74
1.7,3.303,-1.6118,4.8064,23.79,-312.33
1.71,3.4343,-1.6216,4.671,11.02,-290.38
1.72,3.5665,-1.6351,4.5066,-10.7,-270.15
1.73,3.6977,-1.6526,4.3152,-34.05,-251.55
1.74,3.8257,-1.6744,4.0987,-52.93,-234.16
1.75,3.9485,-1.7002,3.8588,-64.63,-217.95
1.76,4.0652,-1.7294,3.5972,-70.5,-202.68
1.77,4.1748,-1.7609,3.3154,-74.9,-187.41
1.78,4.2769,-1.7941,3.0149,-83.54,-171.08
1.79,4.3705,-1.8277,2.6975,-101.3,-152.65
1.8,4.4537,-1.8602,2.3649,-129.38,-131.17
1.81,4.5239,-1.89,2.0194,-163.97,-106.73
1.82,4.5778,-1.9162,1.6633,-197.77,-81.5
1.83,4.6121,-1.9383,1.299,-222.65,-59.54
1.84,4.6247,-1.9559,0.9287,-231.9,-44.97
1.85,4.6145,-1.969,0.5538,-222.09,-39.58
1.86,4.5827,-1.9783,0.1747,-193.69,-41.04
1.87,4.532,-1.9846,-0.2083,-150.36,-43.32
1.88,4.4664,-1.9886,-0.5955,-98.43,-38.46
1.89,4.3911,-1.99,-0.9861,-46.32,-19.19
1.9,4.311,-1.9883,-1.378,-2.04,18.05
1.91,4.2304,-1.9827,-1.7677,29.42,71.05
1.92,4.1525,-1.973,-2.15,47.11,132.19
1.93,4.0791,-1.9593,-2.519,53.86,191.3
1.94,4.0109,-1.9422,-2.8691,54.93,239.11
1.95,3.9483,-1.9225,-3.1957,55.69,269.81
1.96,3.8914,-1.9004,-3.4957,60.02,281.96
1.97,3.8407,-1.8755,-3.7677,69.01,278.71
1.98,3.797,-1.8472,-4.0121,79.62,266.03
1.99,3.7612,-1.8151,-4.2299,84.96,249.83
2.0,3.7336,-1.7794,-4.4225,77.77,234.71
2.01,3.7134,-1.7407,-4.5916,54.16,224.24
2.02,3.6983,-1.6995,-4.7379,15.24,220.97
2.03,3.6845,-1.6566,-4.8618,-32.95,225.81
2.04,3.6675,-1.6136,-4.9629,-81.4,237.83
2.05,3.6427,-1.5728,-5.0401,-121.01,254.87
2.06,3.6061,-1.5356,-5.0915,-145.1,274.45
2.07,3.5556,-1.5016,-5.1155,-150.95,294.74
2.08,3.4904,-1.4693,-5.1099,-140.21,314.47
2.09,3.4116,-1.4369,-5.0728,-118.01,332.25
2.1,3.3211,-1.4039,-5.0025,-91.44,346.28
2.11,3.2215,-1.3712,-4.8977,-68.01,354.95
2.12,3.1149,-1.3399,-4.7574,-53.81,357.58
2.13,3.0026,-1.3108,-4.5814,-51.52,354.36
2.14,2.8851,-1.2839,-4.37,-59.08,345.75
2.15,2.7615,-1.2593,-4.1241,-70.05,331.76
2.16,2.6312,-1.2364,-3.8452,-75.18,310.95
2.17,2.4938,-1.2139,-3.5352,-65.09,280.32
2.18,2.3505,-1.1894,-3.1975,-33.58,236.81
2.19,2.2043,-1.1614,-2.8364,18.99,180.1
2.2,2.0605,-1.1287,-2.4574,84.07,114.99
2.21,1.9251,-1.0916,-2.0668,146.83,50.46
2.22,1.8039,-1.0513,-1.6708,192.18,-3.95
2.23,1.7014,-1.0104,-1.2746,210.62,-41.18
2.24,1.6193,-0.9719,-0.882,200.97,-57.87
2.25,1.5568,-0.9384,-0.4947,170.54,-55.23
2.26,1.5112,-0.9106,-0.1124,132.54,-39.42
2.27,1.4791,-0.8883,0.2661,100.7,-20.27
2.28,1.4575,-0.8703,0.6425,84.74,-8.56
2.29,1.445,-0.8541,1.0177,88.3,-13.14
2.3,1.4417,-0.8369,1.3911,108.23,-39.04
2.31,1.4495,-0.8161,1.7602,135.3,-86.27
2.32,1.4707,-0.7901,2.1203,157.39,-149.72
2.33,1.5074,-0.7588,2.4654,164.01,-220.2
2.34,1.56,-0.7232,2.7886,150.31,-285.79
2.35,1.6272,-0.6845,3.0838,118.55,-334.05
2.36,1.7062,-0.6454,3.3464,76.71,-355.69
2.37,1.7928,-0.6095,3.5742,35.8,-347.93
2.38,1.8834,-0.5802,3.7679,6.44,-315.28
2.39,1.9751,-0.5599,3.9306,-4.79,-268.0
2.4,2.0669,-0.5496,4.0665,2.81,-218.97
2.41,2.1594,-0.5487,4.1804,24.51,-179.53
2.42,2.2545,-0.5549,4.2761,51.79,-156.55
2.43,2.3547,-0.565,4.3557,74.95,-151.65
2.44,2.4622,-0.5751,4.4199,85.62,-161.59
2.45,2.5779,-0.582,4.4678,78.79,-179.75
2.46,2.7011,-0.5842,4.4978,54.12,-198.86
2.47,2.8294,-0.5821,4.5081,16.15,-213.35
2.48,2.9592,-0.5776,4.4974,-27.39,-220.32
2.49,3.0864,-0.5746,4.4649,-68.05,-219.66
2.5,3.2071,-0.5773,4.4106,-98.94,-213.36
2.51,3.3184,-0.5901,4.3352,-116.32,-204.04
2.52,3.4183,-0.6153,4.2395,-120.35,-193.45
2.53,3.5066,-0.6531,4.1246,-114.53,-182.04
2.54,3.5835,-0.7013,3.9916,-104.26,-169.45
2.55,3.6501,-0.7568,3.8418,-95.4,-155.17
2.56,3.707,-0.8157,3.6766,-93.14,-139.9
2.57,3.7544,-0.8744,3.4974,-101.02,-126.22
2.58,3.7915,-0.9303,3.3056,-119.68,-117.83
2.59,3.8165,-0.9816,3.1019,-146.15,-117.51
2.6,3.8268,-1.0275,2.8863,-175.02,-125.22
2.61,3.8198,-1.0686,2.6582,-201.02,-137.45
2.62,3.7929,-1.1059,2.4165,-220.67,-147.69
2.63,3.7442,-1.1412,2.1603,-233.05,-148.59
2.64,3.6724,-1.176,1.8897,-239.61,-134.7
2.65,3.5767,-1.2113,1.6062,-242.62,-104.06
2.66,3.4569,-1.2479,1.3127,-243.82,-58.79
2.67,3.3128,-1.2864,1.0137,-244.12,-4.97
2.68,3.1444,-1.3272,0.7142,-243.62,48.76
2.69,2.9517,-1.3702,0.4195,-241.32,93.76
2.7,2.735,-1.4138,0.1339,-235.23,123.93
2.71,2.495,-1.4559,-0.1396,-222.97,137.1
2.72,2.233,-1.4939,-0.3998,-202.61,134.75
2.73,1.951,-1.5261,-0.6466,-174.21,120.66
2.74,1.6517,-1.5512,-0.8815,-140.97,99.47
2.75,1.3384,-1.5683,-1.1064,-107.66,76.18
2.76,1.0143,-1.5777,-1.3235,-78.36,55.82
2.77,0.6822,-1.5795,-1.5347,-56.34,43.0
2.78,0.3444,-1.5738,-1.7413,-43.71,41.59
2.79,0.0019,-1.5602,-1.9432,-40.35,54.01
2.8,-0.3446,-1.5383,-2.1393,-43.55,80.03
2.81,-0.6955,-1.5083,-2.3271,-48.09,116.3
2.82,-1.051,-1.4708,-2.503,-46.96,157.07
2.83,-1.4109,-1.4277,-2.6632,-33.83,195.8
2.84,-1.7737,-1.3807,-2.8039,-5.19,227.25
2.85,-2.1365,-1.3314,-2.922,38.76,248.77
2.86,-2.4952,-1.2806,-3.0154,93.74,260.58
2.87,-2.8443,-1.2288,-3.0828,151.97,265.29
2.88,-3.1784,-1.1761,-3.1237,204.01,267.0
2.89,-3.4923,-1.1225,-3.1377,240.78,269.89
2.9,-3.7827,-1.0676,-3.1246,256.15,276.83
2.91,-4.0479,-1.0113,-3.0835,249.38,288.23
2.92,-4.2886,-0.9537,-3.0135,225.36,301.34
2.93,-4.5069,-0.8958,-2.9134,193.05,311.16
2.94,-4.7058,-0.8389,-2.7822,163.24,312.76
2.95,-4.888,-0.7842,-2.62,145.74,302.7
2.96,-5.055,-0.7329,-2.4277,146.45,278.75
2.97,-5.207,-0.6857,-2.2079,165.42,239.82
2.98,-5.342,-0.6425,-1.9643,196.33,187.13
2.99,-5.4573,-0.6022,-1.7021,228.33,126.39
3.0,-5.55,-0.5633,-1.4271,251.0,68.13
3.01,-5.6179,-0.5242,-1.1448,258.65,24.11
3.02,-5.6602,-0.4836,-0.8595,251.41,2.04
3.03,-5.6776,-0.4413,-0.5733,234.26,2.88
3.04,-5.6715,-0.3977,-0.2863,214.51,20.73
3.05,-5.6439,-0.3545,0.003,198.63,44.75
3.06,-5.5961,-0.313,0.2967,190.06,62.75
3.07,-5.5291,-0.2743,0.5965,188.73,64.86
3.08,-5.4431,-0.2394,0.9022,191.3,45.73
3.09,-5.338,-0.2089,1.2122,191.81,5.94
3.1,-5.2138,-0.1827,1.5224,183.27,-47.69
3.11,-5.0716,-0.1601,1.828,160.76,-104.13
3.12,-4.9136,-0.1401,2.1234,123.42,-152.17
3.13,-4.7435,-0.122,2.4041,74.94,-184.07
3.14,-4.566,-0.1062,2.667,22.67,-197.7
3.15,-4.386,-0.0938,2.9105,-25.03,-197.07
3.16,-4.2082,-0.0867,3.1346,-61.84,-190.02
3.17,-4.0362,-0.0862,3.3398,-84.22,-183.99
3.18,-3.8721,-0.0931,3.5265,-91.37,-183.19
3.19,-3.7168,-0.1066,3.6949,-85.42,-187.52
3.2,-3.5698,-0.1251,3.8446,-71.02,-193.38
3.21,-3.4298,-0.1464,3.9752,-55.01,-196.47
3.22,-3.2954,-0.1687,4.0863,-44.42,-194.18
3.23,-3.1655,-0.1909,4.1782,-43.57,-186.27
3.24,-3.0403,-0.2128,4.2517,-52.81,-174.84
3.25,-2.9204,-0.2349,4.3078,-68.6,-163.34
3.26,-2.8074,-0.2579,4.3476,-84.37,-154.72
3.27,-2.7025,-0.2828,4.372,-92.22,-150.82
3.28,-2.6064,-0.3105,4.3812,-85.31,-152.26
3.29,-2.5184,-0.3411,4.3751,-60.41,-157.64
3.3,-2.4359,-0.3744,4.3534,-19.29,-163.5
3.31,-2.355,-0.4093,4.3156,31.53,-165.94
3.32,-2.271,-0.444,4.2614,82.01,-162.05
3.33,-2.179,-0.4769,4.1912,121.6,-150.65
3.34,-2.0752,-0.5065,4.1063,142.42,-132.82
3.35,-1.9577,-0.5326,4.0083,141.1,-111.8
3.36,-1.8265,-0.5547,3.8992,119.93,-91.98
3.37,-1.6836,-0.5725,3.7808,86.88,-77.46
3.38,-1.5319,-0.5853,3.6546,53.08,-70.7
3.39,-1.3747,-0.5924,3.5212,28.87,-71.72
3.4,-1.2141,-0.5927,3.3806,20.75,-78.37
3.41,-1.0509,-0.5846,3.2323,30.27,-86.88
3.42,-0.8843,-0.5667,3.0754,53.99,-92.39
3.43,-0.7121,-0.5382,2.9096,83.83,-90.25
3.44,-0.5316,-0.4983,2.7351,109.34,-77.06
3.45,-0.3404,-0.4474,2.5533,121.59,-51.5
3.46,-0.1374,-0.3871,2.3668,116.27,-15.31
3.47,0.0768,-0.3194,2.1789,94.84,27.23
3.48,0.3004,-0.2462,1.994,63.73,70.52
3.49,0.5303,-0.1687,1.816,31.52,108.89
3.5,0.7636,-0.0883,1.6488,5.62,137.7
3.51,0.9978,-0.0067,1.4952,-9.85,153.91
3.52,1.2313,0.074,1.3567,-15.22,156.8
3.53,1.4634,0.1516,1.2337,-15.14,148.18
3.54,1.6941,0.2245,1.1254,-16.28,132.57
3.55,1.923,0.2924,1.0305,-23.93,116.7
3.56,2.1494,0.3552,0.9475,-39.88,107.28
3.57,2.3717,0.4126,0.8757,-62.46,108.16
3.58,2.5877,0.4641,0.815,-87.78,119.19
3.59,2.795,0.5101,0.7664,-110.96,137.55
3.6,2.9915,0.5521,0.7319,-127.37,159.04
3.61,3.1755,0.5914,0.7133,-133.72,178.41
3.62,3.3465,0.6278,0.7124,-129.73,190.49
3.63,3.5047,0.6593,0.7304,-119.31,192.05
3.64,3.651,0.683,0.7675,-109.28,183.02
3.65,3.7862,0.697,0.8228,-106.06,166.84
3.66,3.9107,0.7006,0.8948,-112.72,149.09
3.67,4.0237,0.6941,0.9819,-128.15,135.27
3.68,4.1239,0.6799,1.0829,-147.84,129.35
3.69,4.2093,0.6611,1.1972,-165.65,132.67
3.7,4.2784,0.6412,1.3249,-176.4,143.05
3.71,4.3302,0.623,1.4672,-177.66,155.77
3.72,4.3645,0.6078,1.625,-169.89,165.67
3.73,4.3819,0.5952,1.7994,-156.35,168.67
3.74,4.3838,0.5833,1.9905,-142.52,162.81
3.75,4.3714,0.5695,2.1978,-134.04,148.82
3.76,4.3454,0.5516,2.4199,-134.11,129.8
3.77,4.3058,0.5278,2.6551,-141.59,109.91
3.78,4.2521,0.4974,2.9015,-150.84,93.13
3.79,4.1835,0.4609,3.1574,-153.68,81.74
3.8,4.0999,0.4193,3.4217,-142.54,75.06
3.81,4.0026,0.3749,3.6936,-113.21,69.62
3.82,3.8944,0.3299,3.9725,-66.89,60.49
3.83,3.7799,0.286,4.2574,-10.65,42.88
3.84,3.6642,0.2428,4.5463,44.7,13.76
3.85,3.5529,0.1991,4.8365,88.46,-27.16
3.86,3.4499,0.1528,5.1237,113.44,-77.24
3.87,3.3578,0.103,5.4033,118.0,-131.04
3.88,3.2772,0.0499,5.67,106.17,-181.65
3.89,3.207,-0.0047,5.9188,85.84,-222.79
3.9,3.1454,-0.0587,6.1458,65.78,-250.65
3.91,3.0906,-0.1101,6.3481,52.67,-264.68
3.92,3.0414,-0.1573,6.5244,49.29,-267.42
3.93,2.9974,-0.1983,6.6742,54.62,-263.52
3.94,2.959,-0.231,6.7978,65.06,-257.89
3.95,2.9271,-0.2535,6.8956,75.63,-254.07
3.96,2.9028,-0.2653,6.9681,81.73,-253.8
3.97,2.8865,-0.2679,7.0152,80.92,-257.33
3.98,2.8781,-0.2646,7.0366,73.51,-263.63
3.99,2.8771,-0.2595,7.0317,61.87,-270.54
4.0,2.8822,-0.255,6.9999,49.59,-274.56
4.01,2.8925,-0.2511,6.941,40.29,-270.92
4.02,2.9069,-0.2461,6.8554,35.84,-255.05
4.03,2.9251,-0.2379,6.7447,35.68,-225.13
4.04,2.9469,-0.2248,6.6119,37.41,-183.67
4.05,2.9724,-0.2056,6.4609,37.86,-137.92
4.06,3.0017,-0.1796,6.2961,34.47,-97.91
4.07,3.0344,-0.1474,6.1213,26.09,-72.29
4.08,3.0696,-0.1109,5.9389,12.9,-64.84
4.09,3.106,-0.0729,5.7497,-3.34,-73.3
4.1,3.1421,-0.0364,5.553,-19.31,-89.78
4.11,3.1765,-0.0032,5.3476,-31.38,-102.66
4.12,3.2079,0.0253,5.1324,-36.74,-100.11
4.13,3.2359,0.0484,4.9078,-33.8,-73.95
4.14,3.2607,0.0656,4.6767,-22.94,-22.02
4.15,3.2834,0.0757,4.4439,-7.24,51.36
4.16,3.3054,0.0774,4.2167,8.68,136.38
4.17,3.3283,0.0696,4.0032,20.38,219.75
4.18,3.353,0.0516,3.8113,24.79,287.66
4.19,3.38,0.0234,3.6477,20.69,329.16
4.2,3.4089,-0.0143,3.5163,8.94,338.8
4.21,3.4387,-0.0614,3.4181,-7.45,317.88
4.22,3.4677,-0.1178,3.3512,-24.06,274.88
4.23,3.4944,-0.1828,3.3118,-36.2,224.28
4.24,3.5178,-0.2552,3.295,-40.43,182.55
4.25,3.5374,-0.3332,3.2972,-35.92,162.69
4.26,3.5536,-0.415,3.3164,-24.84,170.09
4.27,3.5674,-0.4991,3.3534,-11.32,201.45
4.28,3.58,-0.5848,3.4109,0.45,246.79
4.29,3.5927,-0.6715,3.4932,8.07,292.54
4.3,3.606,-0.7585,3.6046,11.64,325.93
4.31,3.6206,-0.8441,3.7482,13.37,339.3
4.32,3.6365,-0.9267,3.9252,16.62,331.8
4.33,3.6542,-1.0049,4.1352,24.72,308.8
4.34,3.6746,-1.078,4.3759,39.49,279.61
4.35,3.6991,-1.1458,4.6449,60.37,253.8
4.36,3.7298,-1.2086,4.9395,84.87,238.18
4.37,3.769,-1.2676,5.2584,109.34,235.26
4.38,3.8191,-1.3244,5.6011,129.82,242.32
4.39,3.882,-1.3802,5.9683,143.42,252.33
4.4,3.9591,-1.435,6.3606,150.1,257.09
4.41,4.0512,-1.4874,6.7785,152.84,249.35
4.42,4.1585,-1.5347,7.2209,156.58,223.58
4.43,4.2818,-1.5752,7.6853,165.99,177.3
4.44,4.4218,-1.6076,8.1671,182.53,113.14
4.45,4.5801,-1.6318,8.66,202.86,39.31
4.46,4.7588,-1.6479,9.157,220.51,-32.53
4.47,4.9592,-1.6565,9.6511,228.56,-91.04
4.48,5.1822,-1.6582,10.1368,221.83,-129.09
4.49,5.427,-1.6543,10.6102,198.2,-146.49
4.5,5.6912,-1.647,11.0694,158.5,-149.84
4.51,5.9709,-1.6387,11.5137,105.88,-150.18
4.52,6.2611,-1.6315,11.943,45.68,-159.39
4.53,6.5558,-1.6261,12.3559,-15.07,-185.68
4.54,6.8493,-1.6224,12.7499,-68.83,-230.36
4.55,7.1362,-1.6197,13.1207,-109.75,-287.83
4.56,7.4125,-1.6172,13.4627,-135.47,-348.24
4.57,7.6757,-1.6142,13.7701,-147.41,-400.76
4.58,7.9243,-1.61,14.038,-149.9,-436.79
4.59,8.1581,-1.6044,14.2629,-148.78,-452.15
4.6,8.377,-1.5979,14.4431,-149.88,-447.53
4.61,8.5807,-1.591,14.579,-157.58,-427.92
4.62,8.7685,-1.5843,14.6724,-173.45,-401.33
4.63,8.9388,-1.5787,14.7257,-195.86,-376.62
4.64,9.0895,-1.5748,14.7412,-220.44,-361.29
4.65,9.2182,-1.5726,14.7203,-241.06,-359.77
4.66,9.3231,-1.5708,14.6632,-251.6,-371.9
4.67,9.4032,-1.5677,14.5688,-248.67,-392.94
4.68,9.4588,-1.5612,14.4352,-233.18,-415.54
4.69,9.4913,-1.5493,14.2602,-210.28,-432.42
4.7,9.5027,-1.5305,14.0423,-187.63,-438.29
4.71,9.4952,-1.5042,13.7811,-172.87,-430.41
4.72,9.4701,-1.4709,13.4773,-171.05,-408.91
4.73,9.4275,-1.4333,13.1329,-183.31,-377.13
4.74,9.3664,-1.3945,12.751,-206.94,-340.91
4.75,9.2844,-1.3583,12.335,-236.54,-306.62
4.76,9.1788,-1.3272,11.8883,-265.34,-278.87
4.77,9.0469,-1.302,11.4137,-286.49,-258.83
4.78,8.8866,-1.2821,10.9131,-294.3,-244.2
4.79,8.6974,-1.2663,10.3881,-285.36,-230.61
4.8,8.48,-1.2536,9.8403,-259.79,-214.19
4.81,8.237,-1.2429,9.2712,-220.99,-193.77
4.82,7.9722,-1.2332,8.6829,-173.62,-170.53
4.83,7.6901,-1.2231,8.0776,-121.54,-146.14
4.84,7.3959,-1.2118,7.4579,-67.96,-121.8
4.85,7.0948,-1.1994,6.826,-17.36,-98.35
4.86,6.7918,-1.1868,6.1844,23.64,-76.48
4.87,6.4907,-1.1746,5.5351,48.87,-55.93
4.88,6.1941,-1.1632,4.8804,56.0,-34.08
4.89,5.9027,-1.1519,4.2225,47.36,-6.19
4.9,5.6158,-1.1396,3.5644,28.69,32.56
4.91,5.3317,-1.1255,2.9099,7.45,84.84
4.92,5.0484,-1.1098,2.2643,-9.67,149.77
4.93,4.7644,-1.0933,1.6341,-18.39,223.05
4.94,4.4789,-1.0779,1.0262,-16.24,298.44
4.95,4.192,-1.0652,0.4482,-1.93,369.59
4.96,3.9052,-1.0565,-0.093,24.23,430.98
4.97,3.6211,-1.052,-0.5914,59.78,478.33
4.98,3.3431,-1.0509,-1.0423,100.46,508.42
4.99,3.0751,-1.0525,-1.4428,140.39,519.0
5.0,2.821,-1.0561,-1.7918,173.09,509.99
5.01,2.5839,-1.0613,-2.09,193.75,484.88
5.02,2.3658,-1.0684,-2.34,200.35,450.58
5.03,2.1674,-1.0781,-2.5448,193.37,416.21
5.04,1.9881,-1.0908,-2.7076,175.63,391.04
5.05,1.8262,-1.1059,-2.8309,152.01,381.08
5.06,1.6795,-1.1227,-2.9156,128.2,386.62
5.07,1.5457,-1.1408,-2.9613,109.33,403.34
5.08,1.4231,-1.1596,-2.9665,99.02,424.03
5.09,1.3106,-1.1783,-2.9293,98.18,439.86
5.1,1.2081,-1.1958,-2.8483,104.5,443.0
5.11,1.1161,-1.2116,-2.7234,113.62,429.08
5.12,1.0354,-1.2257,-2.5559,120.77,397.45
5.13,0.9666,-1.2389,-2.349,121.98,350.96
5.14,0.9099,-1.2524,-2.1071,115.29,296.16
5.15,0.8645,-1.2677,-1.8355,101.29,241.96
5.16,0.829,-1.2855,-1.5394,82.19,196.63
5.17,0.8017,-1.3058,-1.2232,60.43,165.38
5.18,0.7805,-1.3287,-0.89,38.29,148.95
5.19,0.7631,-1.3546,-0.5415,17.95,142.97
5.2,0.7476,-1.3841,-0.1787,1.0,139.8
5.21,0.7323,-1.4169,0.1982,-11.39,131.97
5.22,0.7159,-1.4525,0.588,-17.84,113.91
5.23,0.698,-1.4904,0.989,-17.32,82.99
5.24,0.6785,-1.5313,1.3981,-10.07,40.38
5.25,0.6581,-1.5762,1.8111,2.98,-9.96
5.26,0.6381,-1.6261,2.2232,20.66,-62.76
5.27,0.6202,-1.6811,2.6291,40.49,-112.51
5.28,0.6063,-1.7397,3.024,58.74,-155.14
5.29,0.5982,-1.7995,3.4037,71.96,-189.78
5.3,0.597,-1.8578,3.7647,77.21,-218.62
5.31,0.6033,-1.9118,4.1039,72.36,-245.41
5.32,0.6166,-1.9596,4.4186,58.01,-273.54
5.33,0.6355,-2.0004,4.706,37.61,-304.04
5.34,0.6581,-2.0343,4.963,16.35,-335.09
5.35,0.6825,-2.0623,5.1867,0.55,-362.76
5.36,0.7072,-2.086,5.3744,-4.43,-382.37
5.37,0.7317,-2.1073,5.5242,3.05,-390.68
5.38,0.7568,-2.1276,5.6353,20.76,-387.92
5.39,0.7841,-2.1483,5.7079,44.09,-377.87
5.4,0.8157,-2.1696,5.7428,67.14,-366.11
5.41,0.8539,-2.1908,5.7411,84.1,-357.57
5.42,0.9003,-2.2099,5.7036,91.02,-354.52
5.43,0.9554,-2.2254,5.6306,86.39,-356.07
5.44,1.0189,-2.2366,5.522,70.97,-359.71
5.45,1.0892,-2.2439,5.3775,47.23,-362.57
5.46,1.1641,-2.2476,5.1969,18.1,-361.58
5.47,1.2408,-2.248,4.9805,-13.72,-353.47
5.48,1.316,-2.2451,4.729,-45.7,-335.34
5.49,1.3867,-2.2373,4.4443,-75.6,-306.15
5.5,1.4499,-2.2231,4.1293,-101.09,-267.8
5.51,1.5032,-2.2013,3.7878,-119.83,-224.53
5.52,1.5446,-2.1717,3.4238,-130.69,-182.16
5.53,1.5731,-2.1346,3.0415,-134.88,-146.6
5.54,1.5882,-2.0907,2.6444,-135.59,-120.82
5.55,1.5896,-2.0401,2.2351,-137.17,-103.9
5.56,1.5772,-1.9832,1.8152,-144.12,-93.21
5.57,1.5502,-1.9202,1.3861,-159.16,-85.65
5.58,1.507,-1.852,0.9485,-181.26,-77.97
5.59,1.4456,-1.781,0.5032,-206.34,-68.31
5.6,1.3636,-1.7103,0.0512,-229.35,-56.45
5.61,1.2588,-1.6435,-0.4064,-245.71,-42.3
5.62,1.1296,-1.5832,-0.868,-252.27,-25.44
5.63,0.9754,-1.5306,-1.332,-248.01,-5.74
5.64,0.7967,-1.4856,-1.7965,-234.01,17.01
5.65,0.5946,-1.4464,-2.2591,-213.3,43.16
5.66,0.3713,-1.4099,-2.7172,-189.86,72.41
5.67,0.129,-1.3722,-3.1679,-166.92,104.05
5.68,-0.1301,-1.3298,-3.6082,-146.09,137.67
5.69,-0.404,-1.2803,-4.0346,-127.98,171.86
5.7,-0.6907,-1.2231,-4.4437,-112.44,203.83
5.71,-0.9888,-1.1588,-4.8326,-98.56,231.36
5.72,-1.2968,-1.0887,-5.1984,-85.28,253.65
5.73,-1.6133,-1.0147,-5.5388,-72.13,271.09
5.74,-1.9371,-0.9388,-5.8522,-59.02,285.75
5.75,-2.2668,-0.8632,-6.1369,-46.36,300.86
5.76,-2.6013,-0.789,-6.3913,-34.83,319.46
5.77,-2.9393,-0.7163,-6.6136,-24.45,343.87
5.78,-3.2797,-0.6447,-6.8013,-14.44,374.77
5.79,-3.6217,-0.5736,-6.9513,-4.47,410.12
5.8,-3.9642,-0.5027,-7.0603,5.28,445.43
5.81,-4.3062,-0.4319,-7.1248,15.05,475.02
5.82,-4.6467,-0.3618,-7.142,25.59,493.63
5.83,-4.9846,-0.2948,-7.1101,37.96,497.93
5.84,-5.3187,-0.234,-7.0287,53.42,488.04
5.85,-5.6474,-0.1827,-6.8987,73.0,468.25
5.86,-5.9688,-0.1432,-6.7219,97.3,445.36
5.87,-6.2803,-0.1171,-6.5005,126.4,425.18
5.88,-6.5791,-0.1047,-6.2363,159.8,410.61
5.89,-6.8619,-0.1056,-5.9308,196.52,401.6
5.9,-7.1251,-0.1175,-5.585,234.87,395.45
5.91,-7.3648,-0.1378,-5.1997,272.12,387.48
5.92,-7.5775,-0.1638,-4.7758,304.97,372.48
5.93,-7.7599,-0.1935,-4.3148,330.57,346.52
5.94,-7.9096,-0.226,-3.8194,347.77,308.05
5.95,-8.0247,-0.2618,-3.2934,357.41,257.98
5.96,-8.1042,-0.302,-2.7418,361.36,200.24
5.97,-8.1477,-0.3483,-2.1701,361.6,141.64
5.98,-8.1552,-0.4017,-1.584,360.02,89.69
5.99,-8.1268,-0.4623,-0.9886,357.86,49.49
6.0,-8.0626,-0.5294,-0.3878,355.3,22.41
6.01,-7.963,-0.6006,0.2155,351.68,5.97
6.02,-7.8283,-0.6717,0.8196,345.65,-5.2
6.03,-7.6592,-0.7385,1.4232,334.89,-17.81
6.04,-7.4569,-0.7974,2.0249,316.32,-38.15
6.05,-7.2232,-0.8464,2.6226,287.28,-70.22
6.06,-6.9612,-0.885,3.2129,246.94,-114.35
6.07,-6.6748,-0.913,3.7917,197.2,-167.21
6.08,-6.3688,-0.931,4.3538,142.22,-222.85
6.09,-6.0487,-0.9396,4.8937,87.53,-274.2
6.1,-5.7197,-0.9391,5.4065,38.97,-315.01
6.11,-5.3866,-0.9296,5.8883,0.85,-341.38
6.12,-5.0532,-0.9115,6.3363,-25.07,-352.96
6.13,-4.7221,-0.8858,6.7494,-40.14,-353.11
6.14,-4.3949,-0.8533,7.1274,-49.2,-347.03
6.15,-4.0727,-0.815,7.4707,-59.11,-339.87
6.16,-3.7566,-0.7723,7.7801,-75.81,-335.96
6.17,-3.4484,-0.7275,8.0557,-102.36,-338.54
6.18,-3.1508,-0.6821,8.2974,-137.8,-349.71
6.19,-2.8671,-0.6367,8.5039,-177.57,-370.03
6.2,-2.6011,-0.591,8.6732,-214.92,-397.28
6.21,-2.3565,-0.5438,8.8029,-242.39,-426.12
6.22,-2.1358,-0.4951,8.8901,-253.83,-450.1
6.23,-1.94,-0.4462,8.9326,-247.17,-464.5
6.24,-1.7687,-0.4001,8.929,-225.92,-467.59
6.25,-1.6198,-0.3604,8.8789,-197.49,-460.13
6.26,-1.4908,-0.3311,8.7831,-169.94,-444.43
6.27,-1.379,-0.3146,8.643,-149.76,-423.67
6.28,-1.2826,-0.3116,8.4607,-140.4,-400.71
6.29,-1.2005,-0.3206,8.2384,-140.97,-376.17
6.3,-1.1327,-0.3389,7.9786,-146.41,-347.96
6.31,-1.0795,-0.3627,7.6843,-149.52,-312.0
6.32,-1.0411,-0.3879,7.3591,-143.18,-263.89
6.33,-1.0167,-0.4113,7.0079,-122.58,-201.96
6.34,-1.0044,-0.4306,6.6368,-87.99,-130.88
6.35,-1.0006,-0.4449,6.2526,-45.82,-61.5
6.36,-1.0017,-0.4544,5.862,-6.3,-5.53
6.37,-1.0037,-0.4596,5.4704,21.12,29.96
6.38,-1.0041,-0.4606,5.0813,31.48,44.14
6.39,-1.0018,-0.4572,4.6962,25.27,42.11
6.4,-0.9974,-0.4483,4.3152,6.68,33.81
6.41,-0.9926,-0.4317,3.9378,-18.62,30.65
6.42,-0.9897,-0.4051,3.5639,-44.67,41.95
6.43,-0.9912,-0.3664,3.1947,-65.9,72.63
6.44,-0.9992,-0.3152,2.8333,-78.1,121.22
6.45,-1.0148,-0.2519,2.4842,-79.28,179.77
6.46,-1.0381,-0.177,2.1532,-69.87,236.84
6.47,-1.0683,-0.0909,1.8456,-52.33,281.25
6.48,-1.1037,0.0058,1.5656,-29.95,304.93
6.49,-1.142,0.1126,1.3156,-5.55,305.05
6.5,-1.181,0.2285,1.0956,19.17,284.75
6.51,-1.2182,0.352,0.9038,43.45,251.79
6.52,-1.2512,0.4807,0.7372,66.17,215.79
6.53,-1.2777,0.6117,0.5924,84.73,185.7
6.54,-1.296,0.7424,0.4664,96.21,167.86
6.55,-1.3049,0.8708,0.3577,99.8,164.72
6.56,-1.3041,0.995,0.2658,96.77,174.24
6.57,-1.2939,1.1129,0.1915,89.05,190.62
6.58,-1.2748,1.2226,0.1363,80.03,207.03
6.59,-1.2477,1.3232,0.1018,74.95,218.46
6.6,-1.2131,1.4147,0.0889,77.63,221.9
6.61,-1.1705,1.498,0.0981,87.68,215.68
6.62,-1.1192,1.5747,0.1286,101.61,200.83
6.63,-1.0578,1.6466,0.1791,114.33,181.15
6.64,-0.9852,1.7145,0.2478,119.47,161.15
6.65,-0.9011,1.7786,0.3328,111.33,144.55
6.66,-0.8064,1.8379,0.4323,87.36,133.38
6.67,-0.7034,1.8905,0.5454,48.75,127.15
6.68,-0.5958,1.934,0.6712,-0.09,123.03
6.69,-0.4884,1.9661,0.8094,-52.25,117.1
6.7,-0.3862,1.9854,0.9592,-99.23,105.8
6.71,-0.2937,1.9919,1.1194,-132.39,86.41
6.72,-0.214,1.9873,1.288,-146.16,57.88
6.73,-0.1485,1.9744,1.4623,-140.37,21.57
6.74,-0.0967,1.9563,1.6387,-119.82,-19.25
6.75,-0.0569,1.9364,1.8131,-92.64,-60.16
6.76,-0.0265,1.9177,1.9817,-68.38,-97.02
6.77,-0.0033,1.9025,2.1408,-54.88,-127.53
6.78,0.014,1.8925,2.2874,-55.03,-151.08
6.79,0.0254,1.8878,2.419,-66.41,-168.33
6.8,0.03,1.8877,2.534,-83.48,-180.79
6.81,0.0261,1.8909,2.631,-99.72,-189.73
6.82,0.0124,1.8968,2.7091,-108.79,-195.86
6.83,-0.012,1.9054,2.7678,-104.75,-199.65
6.84,-0.0465,1.9175,2.8065,-83.67,-201.05
6.85,-0.0891,1.9338,2.8253,-46.21,-199.02
6.86,-0.1361,1.9549,2.8244,2.31,-192.18
6.87,-0.1829,1.981,2.8044,53.53,-179.87
6.88,-0.2245,2.0118,2.7666,98.59,-162.42
6.89,-0.2568,2.0472,2.7126,131.67,-140.84
6.9,-0.2763,2.0864,2.6447,150.87,-116.82
6.91,-0.2811,2.1283,2.5652,156.03,-92.33
6.92,-0.2708,2.1708,2.4764,148.14,-69.32
6.93,-0.246,2.2119,2.3806,130.08,-50.06
6.94,-0.2084,2.2499,2.2797,106.6,-36.72
6.95,-0.1602,2.284,2.175,83.62,-30.07
6.96,-0.1037,2.3147,2.0671,66.33,-29.17
6.97,-0.0404,2.3439,1.9563,56.9,-31.6
6.98,0.0287,2.3742,1.8424,54.23,-33.68
6.99,0.1032,2.4079,1.7252,55.67,-32.54
7.0,0.1832,2.4463,1.6049,58.59,-28.04
7.01,0.269,2.4894,1.4819,61.22,-21.83
7.02,0.3608,2.5357,1.3567,62.74,-15.54
7.03,0.4587,2.5828,1.23,62.78,-10.16
7.04,0.5627,2.6275,1.1022,60.91,-5.82
7.05,0.6727,2.6667,0.9739,56.71,-1.43
7.06,0.7881,2.6978,0.8455,49.72,4.56
7.07,0.9084,2.7194,0.7177,39.3,13.46
7.08,1.0324,2.731,0.5914,24.9,25.89
7.09,1.1587,2.7332,0.4677,6.6,40.65
7.1,1.2855,2.7271,0.3481,-14.71,54.36
7.11,1.4107,2.7141,0.2338,-37.07,62.95
7.12,1.5321,2.696,0.1256,-57.53,63.44
7.13,1.6478,2.6741,0.0236,-73.25,54.8
7.14,1.7562,2.6493,-0.0731,-82.05,38.48
7.15,1.8565,2.6219,-0.166,-82.3,18.69
7.16,1.9488,2.5922,-0.2569,-73.67,1.04
7.17,2.0337,2.5609,-0.3476,-57.65,-9.26
7.18,2.113,2.5286,-0.4388,-36.38,-8.15
7.19,2.1885,2.4962,-0.5305,-11.91,6.29
7.2,2.2628,2.4636,-0.6213,13.28,33.1
7.21,2.3383,2.4306,-0.7085,36.21,69.05
7.22,2.4171,2.3968,-0.7886,54.0,109.13
7.23,2.5011,2.3628,-0.8579,65.06,146.85
7.24,2.5913,2.3293,-0.9127,69.74,176.19
7.25,2.6883,2.2974,-0.9501,70.12,193.14
7.26,2.7921,2.2666,-0.9685,68.75,196.17
7.27,2.9027,2.2361,-0.9677,67.41,186.74
7.28,3.02,2.2044,-0.9483,66.5,169.4
7.29,3.1438,2.1707,-0.912,65.13,150.4
7.3,3.2739,2.134,-0.8605,61.77,135.82
7.31,3.4101,2.0943,-0.7952,54.93,130.11
7.32,3.5515,2.052,-0.7166,43.75,134.62
7.33,3.6971,2.0076,-0.6243,28.69,146.38
7.34,3.8454,1.9622,-0.5174,11.0,159.22
7.35,3.9947,1.9165,-0.3946,-8.11,166.32
7.36,4.143,1.8714,-0.2555,-27.5,161.96
7.37,4.2885,1.8267,-0.1005,-46.59,143.78
7.38,4.4292,1.7809,0.0686,-65.87,114.22
7.39,4.5632,1.7318,0.249,-86.17,78.99
7.4,4.6884,1.6776,0.4373,-108.03,44.65
7.41,4.8027,1.617,0.6303,-131.58,17.2
7.42,4.9036,1.5489,0.8253,-156.75,0.2
7.43,4.9888,1.4731,1.0206,-183.09,-6.28
7.44,5.0555,1.3904,1.2155,-209.01,-5.25
7.45,5.1014,1.3029,1.41,-231.72,-1.9
7.46,5.124,1.2132,1.6041,-248.59,-2.85
7.47,5.122,1.124,1.7978,-257.86,-14.71
7.48,5.0942,1.0377,1.9895,-258.82,-41.77
7.49,5.0406,0.9565,2.1768,-252.52,-83.96
7.5,4.9618,0.882,2.3554,-241.77,-136.06
7.51,4.8586,0.8154,2.5205,-230.4,-188.74
7.52,4.7323,0.7577,2.6669,-222.01,-231.59
7.53,4.5836,0.709,2.7906,-218.32,-256.67
7.54,4.4127,0.6687,2.8892,-218.9,-260.56
7.55,4.2199,0.6354,2.9622,-222.16,-245.05
7.56,4.0047,0.608,3.0111,-225.38,-216.5
7.57,3.7669,0.5858,3.0385,-224.84,-184.01
7.58,3.5068,0.5672,3.0473,-216.69,-157.23
7.59,3.2251,0.5499,3.04,-198.09,-143.73
7.6,2.9238,0.5306,3.0181,-168.26,-146.31
7.61,2.6057,0.5059,2.9811,-128.75,-162.0
7.62,2.2749,0.4723,2.9279,-83.11,-183.03
7.63,1.9357,0.4278,2.8565,-36.11,-199.19
7.64,1.5926,0.3723,2.7655,7.27,-201.17
7.65,1.25,0.3085,2.655,42.74,-183.68
7.66,0.9112,0.2402,2.5265,66.94,-147.46
7.67,0.5787,0.1715,2.3836,78.02,-99.3
7.68,0.2536,0.1051,2.2308,76.67,-49.75
7.69,-0.0642,0.0423,2.0729,66.43,-9.57
7.7,-0.3755,-0.0182,1.9135,52.76,13.84
7.71,-0.6816,-0.0799,1.7551,41.02,18.76
7.72,-0.9836,-0.1473,1.5983,35.02,9.18
7.73,-1.282,-0.2245,1.4422,36.69,-6.84
7.74,-1.5767,-0.3134,1.2855,45.63,-19.34
7.75,-1.8668,-0.4146,1.1272,59.46,-19.55
7.76,-2.151,-0.5273,0.9674,75.36,-3.13
7.77,-2.4278,-0.6497,0.8076,91.29,28.77
7.78,-2.6956,-0.7788,0.651,106.99,71.18
7.79,-2.9528,-0.9117,0.5017,124.17,117.64
7.8,-3.1976,-1.046,0.364,144.75,161.17
7.81,-3.4279,-1.1807,0.2422,169.02,194.08
7.82,-3.6414,-1.3152,0.1394,195.35,209.25
7.83,-3.8355,-1.4493,0.057,220.6,203.65
7.84,-4.0077,-1.5827,-0.0055,241.43,181.34
7.85,-4.1561,-1.7139,-0.0499,255.78,152.66
7.86,-4.2792,-1.84,-0.079,263.32,130.14
7.87,-4.3763,-1.9578,-0.0946,264.49,124.09
7.88,-4.4471,-2.0648,-0.0972,259.63,139.16
7.89,-4.4923,-2.1602,-0.0855,249.35,173.07
7.9,-4.5127,-2.2446,-0.0561,234.69,218.44
7.91,-4.5099,-2.3191,-0.0049,216.75,265.9
7.92,-4.4855,-2.3849,0.0728,196.9,306.46
7.93,-4.4416,-2.4438,0.1808,177.2,333.42
7.94,-4.38,-2.4976,0.3217,160.44,343.92
7.95,-4.3023,-2.5483,0.4967,149.6,339.41
7.96,-4.2096,-2.5972,0.7053,145.87,324.74
7.97,-4.1023,-2.645,0.9464,147.44,306.36
7.98,-3.9803,-2.6907,1.2181,150.76,290.06
7.99,-3.8434,-2.7324,1.519,152.45,278.09
8.0,-3.6915,-2.7677,1.8477,150.43,267.78
8.01,-3.5247,-2.7949,2.2031,144.75,253.11
8.02,-3.3436,-2.8137,2.5835,137.35,227.25
8.03,-3.1489,-2.8257,2.9862,130.61,185.45
8.04,-2.9412,-2.833,3.4072,126.32,128.19
8.05,-2.7209,-2.8381,3.8407,125.02,61.76
8.06,-2.4881,-2.8429,4.2804,125.68,-4.67
8.07,-2.2429,-2.8485,4.7198,126.18,-62.7
8.08,-1.9853,-2.8541,5.1533,124.4,-107.04
8.09,-1.7154,-2.8578,5.5765,119.33,-137.29
8.1,-1.4337,-2.8571,5.9862,111.17,-158.04
8.11,-1.1412,-2.8492,6.3801,100.47,-176.71
8.12,-0.8387,-2.8306,6.7563,87.55,-200.07
8.13,-0.5277,-2.7991,7.1122,72.46,-231.68
8.14,-0.2096,-2.7538,7.4448,54.85,-271.0
8.15,0.1138,-2.6959,7.7502,34.44,-313.63
8.16,0.4404,-2.6275,8.0243,11.86,-352.9
8.17,0.7681,-2.5517,8.2634,-11.74,-382.38
8.18,1.0945,-2.4714,8.4646,-35.34,-398.02
8.19,1.4174,-2.3891,8.6263,-57.31,-399.12
8.2,1.7344,-2.306,8.7485,-75.8,-387.99
8.21,2.0439,-2.2215,8.8321,-89.58,-368.85
8.22,2.3444,-2.1342,8.8788,-97.52,-346.8
8.23,2.6352,-2.0424,8.8908,-99.11,-326.29
8.24,2.9162,-1.945,8.8701,-95.77,-310.32
8.25,3.1874,-1.8416,8.8182,-90.41,-300.37
8.26,3.4495,-1.7332,8.7362,-86.72,-296.05
8.27,3.7027,-1.6217,8.6244,-88.08,-294.63
8.28,3.9468,-1.5104,8.4832,-96.45,-291.84
8.29,4.1809,-1.4028,8.313,-112.19,-283.24
8.3,4.4035,-1.3017,8.1147,-133.17,-265.17
8.31,4.6127,-1.2093,7.8902,-154.8,-236.04
8.32,4.8065,-1.1268,7.6422,-172.02,-197.4
8.33,4.9831,-1.0546,7.3747,-180.89,-153.34
8.34,5.1417,-0.9924,7.0919,-179.51,-109.0
8.35,5.2826,-0.9392,6.798,-168.41,-69.5
8.36,5.4067,-0.8927,6.497,-149.67,-38.7
8.37,5.5158,-0.8507,6.1918,-125.96,-17.98
8.38,5.6122,-0.8117,5.8846,-100.53,-6.54
8.39,5.6984,-0.7752,5.5766,-77.41,-2.53
8.4,5.7766,-0.7416,5.2682,-60.73,-3.15
8.41,5.8484,-0.7117,4.9594,-53.47,-4.43
8.42,5.9145,-0.686,4.6503,-56.67,-2.07
8.43,5.9745,-0.6648,4.3412,-69.79,7.36
8.44,6.0272,-0.6479,4.033,-90.98,25.62
8.45,6.0706,-0.6345,3.7276,-117.11,52.02
8.46,6.1021,-0.6233,3.4275,-144.58,83.46
8.47,6.1191,-0.6127,3.1358,-169.7,115.98
8.48,6.1192,-0.6012,2.8556,-188.77,145.98
8.49,6.1005,-0.588,2.5899,-199.23,170.9
8.5,6.062,-0.5734,2.3411,-200.87,189.44
8.51,6.0034,-0.5583,2.1111,-195.51,201.25
8.52,5.9254,-0.5445,1.901,-185.61,207.14
8.53,5.8286,-0.5339,1.7115,-173.1,208.93
8.54,5.7145,-0.5279,1.5429,-159.04,209.12
8.55,5.5845,-0.5266,1.3953,-143.31,210.8
8.56,5.44,-0.5289,1.2688,-125.14,216.97
8.57,5.283,-0.5334,1.1642,-104.6,228.77
8.58,5.1154,-0.5382,1.0825,-83.31,245.08
8.59,4.9394,-0.5419,1.0254,-63.36,263.42
8.6,4.7568,-0.5436,0.9946,-46.09,280.76
8.61,4.5694,-0.5427,0.9918,-31.74,294.11
8.62,4.3787,-0.5398,1.0182,-19.58,300.84
8.63,4.1859,-0.5369,1.0745,-7.92,299.06
8.64,3.9922,-0.5368,1.1604,5.48,287.64
8.65,3.7991,-0.5426,1.2748,22.57,265.97
8.66,3.6082,-0.5563,1.4156,43.94,234.68
8.67,3.4217,-0.5777,1.5797,68.26,197.32
8.68,3.2418,-0.6052,1.7635,92.76,160.19
8.69,3.0711,-0.6361,1.9635,113.88,129.64
8.7,2.9115,-0.6682,2.1767,128.53,109.71
8.71,2.7644,-0.7,2.4012,135.35,101.08
8.72,2.6305,-0.7306,2.6359,133.97,100.42
8.73,2.5097,-0.7602,2.8807,124.09,100.8
8.74,2.4011,-0.7899,3.1354,106.75,93.82
8.75,2.3028,-0.8222,3.3991,85.45,72.75
8.76,2.2131,-0.8602,3.6697,66.08,35.26
8.77,2.1301,-0.9066,3.9435,55.9,-15.79
8.78,2.053,-0.9624,4.2154,61.54,-73.53
8.79,1.9824,-1.0264,4.4801,86.3,-128.86
8.8,1.9207,-1.0958,4.7322,128.52,-172.75
8.81,1.8721,-1.1666,4.9674,182.11,-199.11
8.82,1.8416,-1.2353,5.1832,237.87,-205.99
8.83,1.8346,-1.2988,5.3789,285.23,-195.38
8.84,1.8555,-1.3546,5.5552,315.41,-173.12
8.85,1.9074,-1.4011,5.7143,324.19,-147.91
8.86,1.991,-1.4382,5.8585,312.46,-129.05
8.87,2.1055,-1.4669,5.9894,285.31,-124.51
8.88,2.2481,-1.4894,6.1073,250.79,-138.5
8.89,2.4158,-1.5079,6.211,217.92,-168.56
8.9,2.6053,-1.5242,6.2976,193.46,-205.54
8.91,2.8144,-1.5398,6.3638,179.68,-236.77
8.92,3.0415,-1.5561,6.4068,174.18,-249.91
8.93,3.286,-1.5742,6.4255,171.24,-236.76
8.94,3.5474,-1.5947,6.4211,164.63,-196.9
8.95,3.8249,-1.6178,6.3974,150.27,-139.06
8.96,4.1172,-1.6436,6.3599,127.83,-78.89
8.97,4.4221,-1.6725,6.3141,100.68,-34.75
8.98,4.7369,-1.7049,6.264,73.93,-21.93
8.99,5.0591,-1.7415,6.2108,51.78,-46.97
9.0,5.3866,-1.7821,6.152,35.8,-105.25
9.01,5.7176,-1.8255,6.0822,24.83,-182.13
9.02,6.0511,-1.8696,5.9942,15.57,-256.61
9.03,6.3859,-1.9117,5.8812,3.95,-307.53
9.04,6.7209,-1.9498,5.7383,-12.83,-320.65
9.05,7.0544,-1.983,5.5644,-35.5,-293.48
9.06,7.3841,-2.0114,5.3618,-63.18,-235.42
9.07,7.7073,-2.0355,5.1361,-93.51,-163.29
9.08,8.0211,-2.0562,4.8939,-122.9,-95.67
9.09,8.3226,-2.0751,4.6416,-147.6,-47.88
9.1,8.6094,-2.0935,4.3838,-165.06,-27.83
9.11,8.8798,-2.1116,4.1226,-174.82,-34.46
9.12,9.1327,-2.1282,3.8574,-178.1,-58.82
9.13,9.3679,-2.1414,3.5862,-176.56,-86.54
9.14,9.5854,-2.1482,3.3067,-171.29,-101.67
9.15,9.7858,-2.1462,3.0177,-162.54,-91.7
9.16,9.9699,-2.1332,2.7202,-150.04,-51.4
9.17,10.1389,-2.109,2.4182,-134.38,15.24
9.18,10.2945,-2.0746,2.118,-118.4,95.36
9.19,10.438,-2.0321,1.8273,-107.18,171.0
9.2,10.5704,-1.9841,1.5531,-105.88,225.81
9.21,10.6918,-1.9328,1.3007,-117.24,250.56
9.22,10.801,-1.8804,1.0726,-140.42,245.29
9.23,10.896,-1.8281,0.8685,-171.31,218.65
9.24,10.9737,-1.7765,0.6861,-203.78,184.54
9.25,11.031,-1.7253,0.5222,-231.54,157.33
9.26,11.0653,-1.6736,0.3745,-249.85,147.58
9.27,11.0748,-1.6204,0.2421,-255.87,159.2
9.28,11.0589,-1.5651,0.1259,-248.8,187.59
9.29,11.0184,-1.5085,0.0287,-230.91,220.03
9.3,10.9548,-1.4525,-0.047,-206.85,239.56
9.31,10.8705,-1.3992,-0.0993,-181.05,231.18
9.32,10.7679,-1.3492,-0.1295,-156.24,188.28
9.33,10.6496,-1.3022,-0.1415,-133.51,117.41
9.34,10.5177,-1.2568,-0.1421,-113.62,37.21
9.35,10.3743,-1.2116,-0.1386,-98.41,-28.93
9.36,10.2208,-1.1653,-0.1372,-89.06,-61.29
9.37,10.0582,-1.1176,-0.1408,-83.98,-49.32
9.38,9.887,-1.0684,-0.1484,-80.07,5.45
9.39,9.7078,-1.0184,-0.1546,-74.63,89.65
9.4,9.5211,-0.9684,-0.1517,-65.74,181.45
9.41,9.3279,-0.9199,-0.1312,-52.7,256.2
9.42,9.1294,-0.8745,-0.0859,-36.61,293.83
9.43,8.9271,-0.8342,-0.0125,-20.36,284.9
9.44,8.7226,-0.8002,0.0883,-7.51,232.78
9.45,8.5171,-0.772,0.2117,-1.07,152.0
9.46,8.3111,-0.7481,0.35,-2.79,62.78
9.47,8.1047,-0.7261,0.4948,-12.89,-15.44
9.48,7.8966,-0.704,0.6387,-29.31,-67.85
9.49,7.6855,-0.6805,0.7767,-47.67,-86.33
9.5,7.4696,-0.6548,0.9068,-62.46,-71.32
9.51,7.2476,-0.6267,1.0304,-69.07,-31.8
9.52,7.0189,-0.5957,1.151,-65.41,17.24
9.53,6.7837,-0.5616,1.2731,-52.12,58.75
9.54,6.5435,-0.5246,1.4005,-32.39,78.13
9.55,6.2999,-0.4861,1.535,-11.8,67.67
9.56,6.0549,-0.448,1.6755,2.88,28.57
9.57,5.8098,-0.4115,1.8183,6.53,-30.04
9.58,5.5649,-0.3766,1.958,-2.29,-93.47
9.59,5.3196,-0.3422,2.0886,-21.01,-145.62
9.6,5.0719,-0.3067,2.2051,-43.27,-174.52
9.61,4.8199,-0.2683,2.3049,-59.68,-176.05
9.62,4.5623,-0.2256,2.3876,-60.58,-154.75
9.63,4.2991,-0.1776,2.4551,-39.67,-122.24
9.64,4.0324,-0.124,2.5102,3.33,-93.13
9.65,3.7663,-0.0652,2.5557,62.03,-79.79
9.66,3.5065,-0.002,2.5925,125.71,-88.63
9.67,3.259,0.0638,2.6199,183.07,-118.34
9.68,3.0294,0.1298,2.6352,224.66,-160.57
9.69,2.8215,0.1931,2.6344,244.73,-202.13
9.7,2.6376,0.2518,2.6137,243.73,-228.58
9.71,2.4775,0.3051,2.5708,228.42,-228.79
9.72,2.3401,0.3525,2.5057,208.25,-198.02
9.73,2.2236,0.3938,2.4215,191.43,-138.89
9.74,2.1263,0.4276,2.3239,182.11,-61.48
9.75,2.0472,0.4525,2.2202,178.54,19.35
9.76,1.9859,0.4674,2.118,173.65,88.51
9.77,1.9416,0.4715,2.0241,158.67,133.95
9.78,1.9127,0.4651,1.9429,126.31,149.02
9.79,1.8958,0.4489,1.8757,73.51,133.92
9.8,1.8858,0.4239,1.8212,4.0,94.63
9.81,1.876,0.3917,1.7759,-72.11,42.01
9.82,1.859,0.3545,1.7348,-141.3,-8.82
9.83,1.8283,0.3145,1.6932,-190.92,-42.88
9.84,1.7791,0.2736,1.6479,-214.35,-51.55
9.85,1.709,0.2327,1.598,-212.8,-34.25
9.86,1.618,0.1928,1.5453,-192.05,3.85
9.87,1.508,0.1547,1.4931,-159.39,53.41
9.88,1.3821,0.1194,1.4463,-123.08,102.89
9.89,1.2438,0.0874,1.4094,-91.11,141.46
9.9,1.0959,0.0589,1.3862,-69.26,161.31
9.91,0.9408,0.0337,1.3785,-59.57,159.44
9.92,0.7794,0.0109,1.3863,-59.43,138.58
9.93,0.612,-0.0112,1.4076,-62.22,106.07
9.94,0.4383,-0.0347,1.4394,-60.34,71.44
9.95,0.2588,-0.061,1.4785,-49.2,43.76
9.96,0.0745,-0.0914,1.5223,-29.95,29.09
9.97,-0.1128,-0.1263,1.5693,-8.91,28.89
9.98,-0.3013,-0.1659,1.6194,6.37,40.51
9.99,-0.4894,-0.209,1.6737,11.25,58.1
10.0,-0.6768,-0.2533,1.7338,4.96,73.78
10.01,-0.8639,-0.2959,1.8009,-10.64,79.92
10.02,-1.0523,-0.3346,1.8756,-31.45,71.36
10.03,-1.244,-0.3685,1.957,-52.29,46.7
10.04,-1.4408,-0.3981,2.0428,-69.19,9.27
10.05,-1.6445,-0.4251,2.1293,-80.58,-32.55
10.06,-1.8561,-0.451,2.2127,-86.6,-67.21
10.07,-2.0764,-0.4764,2.2897,-88.62,-84.38
10.08,-2.3056,-0.5008,2.3589,-89.35,-78.71
10.09,-2.5438,-0.5222,2.4207,-91.46,-51.18
10.1,-2.7913,-0.5383,2.4777,-95.4,-8.68
10.11,-3.0483,-0.5472,2.5339,-99.65,37.53
10.12,-3.3154,-0.5478,2.5936,-102.33,74.97
10.13,-3.5927,-0.5397,2.6603,-101.38,93.67
10.14,-3.88,-0.5233,2.7357,-94.69,88.45
10.15,-4.1767,-0.4994,2.8193,-80.62,59.89
10.16,-4.4812,-0.4692,2.9085,-58.67,13.98
10.17,-4.7916,-0.4345,2.9988,-30.15,-39.91
10.18,-5.105,-0.3972,3.0851,1.23,-91.09
10.19,-5.4183,-0.3591,3.1626,30.16,-129.0
10.2,-5.7289,-0.3214,3.2277,51.89,-146.4
10.21,-6.0346,-0.2851,3.2787,63.86,-142.32
10.22,-6.3341,-0.2512,3.3157,66.32,-122.35
10.23,-6.6273,-0.22,3.3406,62.52,-96.76
10.24,-6.9143,-0.1914,3.3557,58.06,-76.93
10.25,-7.1954,-0.1649,3.3627,59.65,-71.63
10.26,-7.4703,-0.1404,3.362,73.22,-84.43
10.27,-7.7375,-0.1181,3.3524,101.6,-112.45
10.28,-7.9943,-0.0988,3.3314,142.96,-147.34
10.29,-8.2367,-0.0832,3.2957,190.98,-177.48
10.3,-8.4601,-0.0722,3.2426,236.17,-191.31
10.31,-8.6603,-0.0665,3.171,267.97,-180.73
10.32,-8.8342,-0.0662,3.0819,277.62,-143.17
10.33,-8.9812,-0.0708,2.9791,260.72,-82.48
10.34,-9.1027,-0.0785,2.8682,218.41,-8.1
10.35,-9.2029,-0.0868,2.7566,157.47,66.55
10.36,-9.2876,-0.0932,2.6511,89.63,125.93
10.37,-9.3632,-0.0958,2.5575,29.98,156.25
10.38,-9.4352,-0.093,2.4786,-7.24,150.59
10.39,-9.5073,-0.0842,2.4138,-14.13,111.87
10.4,-9.5801,-0.0695,2.3597,8.62,51.66
10.41,-9.6515,-0.0495,2.3106,53.48,-13.52
10.42,-9.7173,-0.0251,2.2603,108.68,-66.09
10.43,-9.7724,0.0033,2.2041,161.29,-92.05
10.44,-9.8117,0.035,2.1394,200.7,-85.41
10.45,-9.8315,0.0691,2.0669,221.8,-49.67
10.46,-9.8295,0.1042,1.9898,225.72,3.79
10.47,-9.8053,0.1388,1.9131,218.08,59.25
10.48,-9.7595,0.1718,1.8419,206.08,101.5
10.49,-9.693,0.2027,1.7802,195.78,120.57
10.5,-9.6069,0.2318,1.73,190.22,114.25
10.51,-9.5016,0.2602,1.6906,188.84,88.13
10.52,-9.3775,0.2891,1.6597,187.52,53.74
10.53,-9.2349,0.3194,1.6343,179.79,24.53
10.54,-9.0747,0.3511,1.6118,159.49,11.39
10.55,-8.8989,0.3837,1.5908,123.95,19.24
10.56,-8.711,0.4159,1.5721,75.29,45.78
10.57,-8.5159,0.4458,1.5583,19.1,82.76
10.58,-8.3189,0.4715,1.5527,-37.7,118.74
10.59,-8.1255,0.4913,1.5585,-87.84,142.31
10.6,-7.9406,0.504,1.5781,-124.86,145.95
10.61,-7.7678,0.5091,1.6117,-144.73,129.23
10.62,-7.6091,0.5072,1.6578,-146.51,99.1
10.63,-7.4646,0.4994,1.7137,-132.5,66.99
10.64,-7.3332,0.487,1.7765,-108.62,44.55
10.65,-7.2126,0.471,1.8442,-83.62,39.48
10.66,-7.1006,0.453,1.9162,-66.16,53.31
10.67,-6.9956,0.4345,1.9938,-62.04,81.52
10.68,-6.8971,0.4167,2.0797,-73.06,114.85
10.69,-6.8064,0.4005,2.1769,-96.61,142.53
10.7,-6.7254,0.3864,2.2879,-126.03,156.24
10.71,-6.657,0.3749,2.4141,-152.49,152.01
10.72,-6.6036,0.3667,2.5549,-167.38,130.3
10.73,-6.5665,0.3628,2.7084,-164.76,95.28
10.74,-6.5454,0.3639,2.8712,-143.21,53.44
10.75,-6.5383,0.3709,3.0393,-106.07,12.24
10.76,-6.5416,0.3838,3.2088,-60.27,-21.3
10.77,-6.5509,0.4021,3.3764,-14.54,-41.96
10.78,-6.5619,0.4248,3.5401,23.01,-48.19
10.79,-6.5709,0.451,3.6992,46.99,-43.07
10.8,-6.5757,0.4789,3.8541,56.09,-32.75
10.81,-6.5751,0.5069,4.0056,53.52,-24.02
10.82,-6.5693,0.5328,4.1545,46.07,-22.71
10.83,-6.5589,0.555,4.3007,42.18,-31.73
10.84,-6.5439,0.5722,4.4435,49.27,-50.04
10.85,-6.5237,0.5831,4.5812,71.12,-73.38
10.86,-6.496,0.5868,4.7114,106.61,-95.71
10.87,-6.4575,0.5831,4.8322,150.29,-110.7
10.88,-6.4039,0.5736,4.9422,193.67,-113.75
10.89,-6.3313,0.5606,5.0411,227.49,-104.04
10.9,-6.2363,0.5464,5.1297,245.13,-85.36
10.91,-6.1172,0.5326,5.2098,244.97,-65.11
10.92,-5.974,0.5201,5.2831,230.08,-51.48
10.93,-5.808,0.509,5.3509,206.26,-50.58
10.94,-5.6215,0.4993,5.4133,180.61,-63.94
10.95,-5.4167,0.4905,5.4689,160.38,-87.68
10.96,-5.1957,0.4821,5.5156,150.27,-114.26
10.97,-4.9594,0.4738,5.551,150.36,-135.58
10.98,-4.7079,0.4657,5.573,156.38,-145.78
10.99,-4.4408,0.4587,5.5807,161.27,-142.6
11.0,-4.1577,0.4544,5.5744,158.11,-127.25
11.01,-3.8592,0.454,5.5555,143.12,-104.3
11.02,-3.5466,0.4587,5.5262,117.14,-80.96
11.03,-3.2224,0.4691,5.4884,85.18,-65.7
11.04,-2.8897,0.4851,5.4437,54.43,-66.02
11.05,-2.5513,0.5066,5.3918,31.95,-85.53
11.06,-2.2094,0.533,5.3308,22.77,-122.06
11.07,-1.8648,0.5635,5.2574,28.6,-167.65
11.08,-1.5171,0.5973,5.1672,47.3,-210.69
11.09,-1.1644,0.6341,5.0562,73.06,-239.51
11.1,-0.8044,0.6737,4.9218,97.49,-245.55
11.11,-0.4349,0.7164,4.7634,111.77,-225.19
11.12,-0.0547,0.7619,4.5831,108.92,-180.19
11.13,0.3359,0.8101,4.3851,84.68,-117.49
11.14,0.7344,0.8608,4.1754,38.68,-48.55
11.15,1.1364,0.9137,3.9607,-24.27,12.84
11.16,1.5358,0.968,3.7466,-95.21,54.57
11.17,1.9257,1.023,3.5373,-163.9,70.6
11.18,2.2996,1.0777,3.3345,-221.68,63.31
11.19,2.6517,1.131,3.1375,-263.3,41.95
11.2,2.9779,1.182,2.9446,-287.59,18.94
11.21,3.2757,1.23,2.7538,-297.09,6.67
11.22,3.5441,1.2747,2.5642,-296.23,13.93
11.23,3.7831,1.3156,2.3763,-289.89,42.5
11.24,3.9931,1.3522,2.1931,-282.92,87.04
11.25,4.1748,1.3839,2.0186,-279.08,137.85
11.26,4.3284,1.4112,1.8578,-279.39,184.35
11.27,4.4541,1.4349,1.715,-281.71,218.22
11.28,4.5517,1.4553,1.5935,-282.19,234.91
11.29,4.6213,1.4719,1.495,-277.59,233.68
11.3,4.6632,1.4832,1.4194,-266.94,217.53
11.31,4.6786,1.4873,1.3653,-251.65,192.68
11.32,4.6689,1.4825,1.3304,-234.57,167.39
11.33,4.6358,1.4676,1.3124,-219.0,149.44
11.34,4.5807,1.4414,1.3095,-207.59,143.69
11.35,4.5047,1.4032,1.3212,-201.78,151.36
11.36,4.4084,1.3529,1.3483,-201.24,169.81
11.37,4.292,1.2911,1.3924,-202.93,192.69
11.38,4.1554,1.2186,1.4556,-201.31,211.66
11.39,3.999,1.1369,1.5396,-190.14,218.82
11.4,3.8239,1.0475,1.645,-164.58,208.11
11.41,3.6329,0.9525,1.7706,-123.31,176.97
11.42,3.4298,0.8536,1.9134,-70.07,128.59
11.43,3.2198,0.7529,2.0688,-12.87,71.81
11.44,3.0085,0.6516,2.2313,39.12,18.11
11.45,2.8008,0.5509,2.396,78.46,-21.85
11.46,2.6006,0.4513,2.5589,100.95,-41.01
11.47,2.4101,0.3537,2.7181,106.48,-38.05
11.48,2.23,0.259,2.874,99.31,-17.55
11.49,2.0597,0.1679,3.0282,86.61,11.48
11.5,1.8981,0.0817,3.1834,75.87,37.66
11.51,1.7444,0.0009,3.342,72.11,50.34
11.52,1.5981,-0.0743,3.505,75.72,42.72
11.53,1.4595,-0.1437,3.6717,82.57,13.41
11.54,1.3292,-0.2076,3.8393,86.43,-33.14
11.55,1.2073,-0.2666,4.0032,82.17,-87.53
11.56,1.0935,-0.3215,4.1584,68.89,-138.41
11.57,0.9865,-0.3735,4.3,50.98,-176.23
11.58,0.8847,-0.4225,4.4244,35.59,-195.29
11.59,0.7867,-0.4673,4.5297,29.68,-195.19
11.6,0.6922,-0.506,4.6157,38.09,-180.62
11.61,0.6019,-0.5366,4.6838,62.19,-158.38
11.62,0.5182,-0.5581,4.7359,99.5,-135.09
11.63,0.4447,-0.571,4.7744,144.17,-116.66
11.64,0.3856,-0.5762,4.801,187.54,-106.31
11.65,0.3451,-0.5756,4.8166,219.72,-103.25
11.66,0.3261,-0.5711,4.8217,232.72,-104.7
11.67,0.3299,-0.5656,4.8163,223.67,-108.14
11.68,0.3557,-0.5613,4.7999,195.72,-110.93
11.69,0.4008,-0.5596,4.7725,157.41,-110.06
11.7,0.4618,-0.5606,4.7341,119.68,-103.49
11.71,0.535,-0.5634,4.6855,91.57,-90.42
11.72,0.6178,-0.5668,4.6279,78.16,-70.98
11.73,0.7089,-0.57,4.5633,80.71,-46.8
11.74,0.8085,-0.5718,4.4939,95.75,-20.83
11.75,0.9178,-0.571,4.4223,115.49,4.1
11.76,1.0386,-0.5663,4.351,130.58,26.53
11.77,1.1722,-0.5565,4.2823,132.59,46.08
11.78,1.3187,-0.5413,4.2179,116.05,63.11
11.79,1.4764,-0.5219,4.1598,80.37,78.29
11.8,1.6418,-0.5,4.1094,30.46,92.07
11.81,1.8102,-0.4779,4.0681,-24.31,105.14
11.82,1.9764,-0.4572,4.0372,-72.37,118.61
11.83,2.1359,-0.4386,4.0181,-103.55,133.09
11.84,2.2857,-0.4217,4.0123,-112.52,148.16
11.85,2.4248,-0.405,4.0212,-99.97,162.67
11.86,2.5545,-0.3875,4.0462,-71.6,174.98
11.87,2.6771,-0.3685,4.0886,-36.67,182.54
11.88,2.7961,-0.3488,4.1489,-5.78,182.49
11.89,2.9143,-0.33,4.2271,11.98,173.41
11.9,3.0333,-0.3142,4.3224,11.3,156.44
11.91,3.1531,-0.3031,4.4332,-7.88,135.08
11.92,3.2718,-0.2984,4.5574,-39.89,113.99
11.93,3.3865,-0.3011,4.693,-75.48,97.34
11.94,3.4939,-0.3112,4.8384,-105.48,87.3
11.95,3.5912,-0.3278,4.9926,-122.9,83.55
11.96,3.6766,-0.3492,5.1552,-124.29,83.68
11.97,3.7501,-0.3736,5.3261,-110.68,83.46
11.98,3.8128,-0.3994,5.5051,-86.54,77.62
11.99,3.8672,-0.4254,5.6915,-57.73,61.49
12.0,3.9158,-0.4505,5.8837,-30.04,32.45
12.01,3.9613,-0.4739,6.0787,-8.48,-8.94
12.02,4.0058,-0.4956,6.2725,3.17,-58.68
12.03,4.0505,-0.5158,6.4603,2.56,-110.49
12.04,4.0951,-0.5355,6.6371,-10.74,-157.34
12.05,4.1386,-0.5555,6.7984,-33.84,-193.13
12.06,4.1786,-0.5766,6.9406,-60.6,-214.32
12.07,4.2128,-0.5989,7.0617,-84.13,-221.13
12.08,4.2389,-0.6225,7.1608,-98.83,-217.71
12.09,4.2555,-0.6479,7.2381,-101.24,-210.75
12.1,4.2624,-0.6756,7.2942,-90.93,-207.46
12.11,4.2606,-0.7062,7.3293,-70.14,-213.09
12.12,4.252,-0.7395,7.3426,-42.54,-228.97
12.13,4.2393,-0.7749,7.3329,-12.95,-252.23
12.14,4.2253,-0.8111,7.2977,13.14,-277.04
12.15,4.2126,-0.8471,7.2349,31.25,-296.81
12.16,4.2028,-0.882,7.1426,38.97,-306.57
12.17,4.1967,-0.9156,7.0199,36.09,-304.2
12.18,4.1942,-0.9475,6.8669,24.96,-289.99
12.19,4.1942,-0.9772,6.6851,9.79,-266.35
12.2,4.1952,-1.0048,6.4766,-5.25,-237.41
12.21,4.1959,-1.0304,6.2444,-17.43,-207.52
12.22,4.1951,-1.0542,5.9913,-25.72,-179.8
12.23,4.1919,-1.0766,5.72,-30.59,-155.92
12.24,4.1858,-1.098,5.433,-33.73,-135.44
12.25,4.1764,-1.1183,5.1323,-37.91,-115.82
12.26,4.1632,-1.1372,4.8199,-46.69,-93.84
12.27,4.1452,-1.155,4.4983,-63.04,-67.05
12.28,4.1209,-1.1727,4.1699,-87.38,-34.58
12.29,4.0878,-1.1913,3.8382,-117.03,2.55
12.3,4.0431,-1.2122,3.5066,-147.24,41.89
12.31,3.9839,-1.2358,3.1791,-172.96,80.38
12.32,3.9077,-1.262,2.8595,-190.79,115.52
12.33,3.8128,-1.2905,2.5513,-199.79,145.65
12.34,3.6982,-1.3206,2.2573,-200.93,169.42
12.35,3.5638,-1.3509,1.98,-196.34,186.17
12.36,3.41,-1.3799,1.7211,-188.65,196.54
12.37,3.2374,-1.4061,1.4816,-180.15,202.03
12.38,3.0469,-1.4289,1.2622,-172.37,204.27
12.39,2.8392,-1.4489,1.063,-166.68,204.73
12.4,2.615,-1.4675,0.8843,-164.56,205.03
12.41,2.3742,-1.4864,0.7259,-166.85,206.99
12.42,2.1168,-1.5073,0.5883,-173.09,212.16
12.43,1.8422,-1.5318,0.4719,-181.8,221.26
12.44,1.5495,-1.56,0.3775,-190.79,233.56
12.45,1.2379,-1.5901,0.3065,-196.95,247.12
12.46,0.9069,-1.6195,0.2601,-196.5,258.92
12.47,0.5567,-1.6461,0.2393,-186.38,265.17
12.48,0.1882,-1.6687,0.2447,-165.96,262.7
12.49,-0.1966,-1.6868,0.276,-137.71,250.31
12.5,-0.595,-1.7003,0.3321,-106.16,229.49
12.51,-1.0039,-1.7094,0.4109,-76.22,203.89
12.52,-1.4204,-1.7148,0.51,-52.09,178.23
12.53,-1.8421,-1.7173,0.627,-35.77,157.56
12.54,-2.2675,-1.7176,0.7598,-25.89,145.93
12.55,-2.6954,-1.7167,0.9074,-18.7,144.28
12.56,-3.125,-1.715,1.0695,-9.91,150.6
12.57,-3.5554,-1.7123,1.2467,4.02,161.24
12.58,-3.985,-1.708,1.4399,25.21,171.1
12.59,-4.4118,-1.7017,1.6499,53.65,174.6
12.6,-4.8329,-1.6931,1.8771,87.14,167.8
12.61,-5.2452,-1.6817,2.1206,122.69,149.23
12.62,-5.645,-1.6671,2.3787,157.74,119.74
12.63,-6.029,-1.6494,2.6485,190.12,82.88
12.64,-6.394,-1.6297,2.9265,218.23,44.13
12.65,-6.7371,-1.6098,3.2088,241.67,8.95
12.66,-7.056,-1.5919,3.4922,260.99,-17.91
12.67,-7.3487,-1.5777,3.7739,277.65,-33.23
12.68,-7.6136,-1.5686,4.0525,293.82,-36.82
12.69,-7.8488,-1.5652,4.3276,311.24,-31.39
12.7,-8.0528,-1.5672,4.5995,330.45,-21.58
12.71,-8.2235,-1.5731,4.8692,351.14,-13.34
12.72,-8.359,-1.5804,5.1372,372.57,-12.12
12.73,-8.4571,-1.5867,5.4037,393.49,-20.65
12.74,-8.5157,-1.5904,5.6678,411.26,-38.44
12.75,-8.5333,-1.5914,5.9278,421.47,-61.93
12.76,-8.5089,-1.5904,6.1815,420.12,-85.26
12.77,-8.4426,-1.5885,6.4267,406.94,-102.5
12.78,-8.3356,-1.587,6.6619,386.58,-110.01
12.79,-8.1898,-1.5874,6.8862,366.51,-107.77
12.8,-8.0071,-1.5905,7.0997,353.44,-99.3
12.81,-7.7886,-1.596,7.3033,350.98,-90.17
12.82,-7.5346,-1.6025,7.4976,358.43,-86.34
12.83,-7.2445,-1.6077,7.6829,370.75,-92.37
12.84,-6.9172,-1.6097,7.8586,380.43,-110.0
12.85,-6.5519,-1.6077,8.0229,379.75,-138.0
12.86,-6.149,-1.6009,8.1732,362.19,-172.45
12.87,-5.7102,-1.5896,8.3061,323.54,-207.79
12.88,-5.2395,-1.5742,8.4182,263.29,-238.68
12.89,-4.7427,-1.5562,8.5066,186.1,-261.07
12.9,-4.2273,-1.5371,8.5691,101.91,-272.56
12.91,-3.7014,-1.5184,8.6044,23.29,-273.37
12.92,-3.1726,-1.5007,8.6126,-38.92,-265.99
12.93,-2.647,-1.4836,8.5941,-78.96,-253.26
12.94,-2.1286,-1.4663,8.5503,-96.77,-237.61
12.95,-1.6193,-1.4476,8.4827,-97.77,-221.45
12.96,-1.1194,-1.4268,8.3928,-92.14,-206.39
12.97,-0.6287,-1.4037,8.2821,-91.53,-192.29
12.98,-0.1474,-1.3787,8.1521,-105.12,-177.86
12.99,0.3231,-1.3526,8.0043,-137.69,-161.8
13.0,0.7796,-1.3259,7.8402,-188.13,-143.22
13.01,1.2171,-1.299,7.6618,-249.63,-122.87
13.02,1.6298,-1.2726,7.4709,-312.69,-103.53
13.03,2.0116,-1.2464,7.2695,-368.17,-88.75
13.04,2.3571,-1.2202,7.0589,-408.55,-81.36
13.05,2.6624,-1.1935,6.8399,-428.75,-82.35
13.06,2.9255,-1.1659,6.6123,-427.44,-90.16
13.07,3.1466,-1.1378,6.3756,-407.81,-101.1
13.08,3.3273,-1.1107,6.1287,-376.81,-110.97
13.09,3.4705,-1.0863,5.8707,-344.04,-116.5
13.1,3.5792,-1.0666,5.6011,-319.82,-115.82
13.11,3.6558,-1.0525,5.32,-309.95,-107.84
13.12,3.7013,-1.044,5.0282,-311.78,-91.93
13.13,3.7157,-1.0401,4.7273,-316.85,-68.4
13.14,3.6987,-1.0391,4.4196,-315.85,-39.15
13.15,3.6506,-1.0393,4.1079,-301.49,-7.54
13.16,3.573,-1.0393,3.7954,-270.22,22.97
13.17,3.4689,-1.039,3.485,-223.18,50.01
13.18,3.343,-1.0387,3.1793,-166.18,72.01
13.19,3.2006,-1.0384,2.8806,-108.27,88.31
13.2,3.0473,-1.0383,2.5905,-59.18,98.85
13.21,2.8878,-1.038,2.31,-26.61,103.86
13.22,2.7254,-1.0374,2.0397,-13.53,104.45
13.23,2.5614,-1.0358,1.7797,-16.19,103.11
13.24,2.3958,-1.0328,1.5299,-25.44,102.97
13.25,2.2279,-1.028,1.2905,-31.27,106.64
13.26,2.0573,-1.0209,1.0617,-27.15,114.89
13.27,1.8845,-1.0112,0.8443,-11.31,125.93
13.28,1.711,-0.9992,0.6395,14.89,136.37
13.29,1.5393,-0.9852,0.448,49.0,143.19
13.3,1.3728,-0.9695,0.2707,87.68,144.72
13.31,1.2153,-0.9517,0.1076,126.48,140.32
13.32,1.0704,-0.9318,-0.0417,160.91,130.48
13.33,0.9417,-0.9102,-0.1782,188.1,116.98
13.34,0.8317,-0.8882,-0.3031,207.66,102.3
13.35,0.7426,-0.8671,-0.4179,221.52,88.99
13.36,0.6757,-0.8476,-0.5237,233.03,79.65
13.37,0.6323,-0.8298,-0.6215,245.22,76.29
13.38,0.6137,-0.8137,-0.7117,259.04,78.97
13.39,0.6211,-0.7992,-0.794,272.74,85.17
13.4,0.6559,-0.7864,-0.8679,283.31,90.28
13.41,0.7191,-0.7752,-0.933,288.24,89.53
13.42,0.8111,-0.7658,-0.9895,286.36,79.83
13.43,0.9318,-0.7583,-1.0383,277.39,60.02
13.44,1.0802,-0.7529,-1.0815,261.88,30.72
13.45,1.2548,-0.7497,-1.1219,241.57,-5.2
13.46,1.4537,-0.7483,-1.1629,218.73,-43.11
13.47,1.6747,-0.7476,-1.2083,195.15,-77.28
13.48,1.9154,-0.7464,-1.2613,172.3,-101.47
13.49,2.1735,-0.7441,-1.3241,151.71,-110.54
13.5,2.4471,-0.7408,-1.3977,134.5,-102.49
13.51,2.7343,-0.7379,-1.4812,120.55,-79.48
13.52,3.0339,-0.7369,-1.5726,108.23,-47.19
13.53,3.3444,-0.7396,-1.6687,94.86,-12.52
13.54,3.6646,-0.7471,-1.7662,77.76,18.56
13.55,3.9925,-0.7595,-1.8622,55.1,42.01
13.56,4.3259,-0.7764,-1.9544,25.66,56.46
13.57,4.662,-0.7968,-2.0411,-11.2,63.35
13.58,4.9969,-0.8191,-2.1218,-54.58,66.06
13.59,5.3264,-0.8413,-2.1959,-101.65,68.81
13.6,5.646,-0.8622,-2.2632,-148.51,75.43
13.61,5.951,-0.8811,-2.3228,-190.97,87.22
13.62,6.2373,-0.899,-2.3738,-225.09,101.72
13.63,6.5015,-0.9174,-2.4148,-248.22,113.41
13.64,6.7415,-0.9388,-2.4448,-259.54,115.76
13.65,6.9559,-0.9648,-2.4637,-259.6,104.33
13.66,7.1448,-0.9965,-2.4726,-250.22,78.95
13.67,7.3089,-1.0338,-2.4739,-235.17,43.38
13.68,7.4498,-1.0758,-2.4711,-219.53,3.79
13.69,7.5688,-1.1213,-2.468,-207.88,-32.82
13.7,7.667,-1.1686,-2.468,-203.37,-60.4
13.71,7.7448,-1.217,-2.4738,-207.38,-75.58
13.72,7.8019,-1.266,-2.487,-219.08,-78.3
13.73,7.8372,-1.3152,-2.5079,-235.64,-70.91
13.74,7.849,-1.3643,-2.5357,-253.48,-57.05
13.75,7.8358,-1.4127,-2.5694,-268.61,-40.2
13.76,7.796,-1.4597,-2.6071,-276.3,-22.1
13.77,7.7292,-1.5037,-2.6471,-271.13,-2.11
13.78,7.6358,-1.5425,-2.6872,-248.26,21.94
13.79,7.5183,-1.5736,-2.7252,-206.63,50.93
13.8,7.3806,-1.5951,-2.7581,-151.49,82.04
13.81,7.228,-1.6063,-2.7831,-93.38,109.04
13.82,7.0661,-1.6077,-2.7974,-44.8,125.19
13.83,6.8993,-1.6004,-2.7998,-16.14,126.18
13.84,6.7306,-1.5862,-2.79,-12.05,111.72
13.85,6.5602,-1.5663,-2.7694,-30.58,85.94
13.86,6.3866,-1.5416,-2.7405,-63.94,55.95
13.87,6.2067,-1.5127,-2.7059,-99.99,29.16
13.88,6.0172,-1.48,-2.6683,-125.09,11.22
13.89,5.816,-1.4442,-2.6294,-127.59,4.93
13.9,5.603,-1.4069,-2.5899,-101.17,9.26
13.91,5.3807,-1.3703,-2.5494,-47.02,19.61
13.92,5.1544,-1.3368,-2.507,26.11,30.25
13.93,4.9309,-1.3086,-2.4617,104.1,36.51
13.94,4.7179,-1.2869,-2.4132,171.76,34.98
13.95,4.5216,-1.2721,-2.3614,217.55,23.53
13.96,4.3466,-1.2643,-2.3077,236.66,1.73
13.97,4.1949,-1.2635,-2.2541,231.67,-29.14
13.98,4.0661,-1.269,-2.2037,210.53,-66.09
13.99,3.9584,-1.2796,-2.16,183.53,-104.52
14.0,3.8693,-1.294,-2.1268,160.83,-139.15
14.01,3.7968,-1.3113,-2.1074,149.93,-165.15
14.02,3.7398,-1.3314,-2.1043,153.43,-179.22
14.03,3.6987,-1.3549,-2.1189,168.76,-180.68
14.04,3.6747,-1.3825,-2.1514,188.97,-171.69
14.05,3.6697,-1.4152,-2.201,204.17,-156.07
14.06,3.6849,-1.4539,-2.2662,204.59,-137.25
14.07,3.7203,-1.4988,-2.3452,183.6,-116.43
14.08,3.7736,-1.5494,-2.4359,139.93,-92.5
14.09,3.8407,-1.6043,-2.5357,80.32,-64.24
14.1,3.9159,-1.6615,-2.6421,19.43,-32.7
14.11,3.9937,-1.7191,-2.7518,-25.71,-1.18
14.12,4.0698,-1.7753,-2.8618,-43.49,26.68
14.13,4.1424,-1.8296,-2.9694,-31.99,48.14
14.14,4.2126,-1.8823,-3.0724,1.32,62.65
14.15,4.2833,-1.9339,-3.1694,41.63,72.96
14.16,4.358,-1.9851,-3.2591,70.72,84.31
14.17,4.4393,-2.0356,-3.3403,73.64,102.39
14.18,4.5274,-2.0842,-3.4112,43.99,131.15
14.19,4.6193,-2.1296,-3.4687,-14.82,169.89
14.2,4.7095,-2.1708,-3.5093,-90.59,212.11
14.21,4.7908,-2.2075,-3.5289,-166.13,248.74
14.22,4.8561,-2.2401,-3.524,-224.48,271.66
14.23,4.8999,-2.2698,-3.4926,-252.88,275.34
14.24,4.9194,-2.2982,-3.4342,-246.02,258.27
14.25,4.9153,-2.327,-3.3506,-208.57,223.92
14.26,4.891,-2.3577,-3.2449,-153.76,179.27
14.27,4.8514,-2.392,-3.1214,-97.77,132.4
14.28,4.802,-2.4306,-2.9846,-54.16,91.53
14.29,4.7468,-2.473,-2.8384,-30.87,64.51
14.3,4.6882,-2.5175,-2.6854,-28.73,56.71
14.31,4.6266,-2.5613,-2.5262,-41.2,68.8
14.32,4.5609,-2.6018,-2.36,-57.6,95.81
14.33,4.4897,-2.6373,-2.1841,-67.95,127.87
14.34,4.4123,-2.6666,-1.9956,-65.63,153.86
14.35,4.3288,-2.6889,-1.7922,-48.84,166.07
14.36,4.2409,-2.704,-1.5727,-21.38,161.64
14.37,4.1511,-2.7116,-1.3375,9.37,141.77
14.38,4.0623,-2.7117,-1.0885,35.69,111.55
14.39,3.977,-2.7042,-0.8285,51.76,78.35
14.4,3.8967,-2.6892,-0.5607,54.96,48.59
14.41,3.8218,-2.6665,-0.2879,46.5,26.06
14.42,3.7515,-2.6364,-0.0124,30.59,11.89
14.43,3.6845,-2.5997,0.2644,13.1,4.34
14.44,3.619,-2.5573,0.5417,0.11,0.42
14.45,3.5539,-2.5098,0.8189,-3.98,-1.97
14.46,3.4889,-2.4574,1.0958,2.26,-3.8
14.47,3.4245,-2.4001,1.3723,17.24,-5.42
14.48,3.3621,-2.3375,1.6482,37.24,-6.56
14.49,3.3036,-2.2697,1.9234,57.83,-6.68
14.5,3.251,-2.1976,2.1978,75.61,-5.62
14.51,3.206,-2.1232,2.4716,88.93,-3.73
14.52,3.1699,-2.0492,2.745,97.95,-1.69
14.53,3.1438,-1.9784,3.018,104.44,-1.04
14.54,3.1283,-1.9129,3.2908,110.65,-3.71
14.55,3.124,-1.854,3.563,117.68,-11.53
14.56,3.1316,-1.8015,3.8338,125.26,-26.47
14.57,3.152,-1.7546,4.1017,132.53,-49.72
14.58,3.1857,-1.7119,4.3643,138.29,-80.42
14.59,3.2334,-1.6725,4.6187,140.82,-116.0
14.6,3.2952,-1.6359,4.8614,138.44,-152.59
14.61,3.3708,-1.6023,5.0888,130.05,-185.67
14.62,3.4594,-1.5727,5.2978,115.43,-211.07
14.63,3.5597,-1.5485,5.4858,95.39,-226.03
14.64,3.6695,-1.5311,5.6514,71.9,-229.77
14.65,3.7867,-1.5209,5.7943,47.99,-223.61
14.66,3.9089,-1.5184,5.9148,26.59,-210.2
14.67,4.034,-1.5229,6.0144,9.07,-192.44
14.68,4.1603,-1.5338,6.0947,-5.18,-171.94
14.69,4.2862,-1.5497,6.1579,-17.81,-147.55
14.7,4.4106,-1.569,6.2064,-29.69,-116.15
14.71,4.5321,-1.5901,6.2434,-39.74,-75.84
14.72,4.65,-1.6121,6.2729,-45.52,-28.4
14.73,4.7636,-1.6347,6.2996,-46.0,20.5
14.74,4.8729,-1.6581,6.328,-44.15,62.94
14.75,4.9777,-1.6824,6.3624,-45.46,92.24
14.76,5.0781,-1.7077,6.4055,-54.26,106.09
14.77,5.1729,-1.7338,6.4588,-72.14,106.78
14.78,5.2605,-1.7604,6.5226,-97.49,99.88
14.79,5.3384,-1.7873,6.5962,-124.74,92.58
14.8,5.4041,-1.8138,6.6792,-146.09,91.06
14.81,5.4557,-1.8386,6.7714,-155.58,97.68
14.82,5.4923,-1.8601,6.8734,-151.87,110.82
14.83,5.514,-1.8763,6.9865,-137.6,126.23
14.84,5.5223,-1.8856,7.1121,-117.03,137.97
14.85,5.5191,-1.8877,7.2512,-94.58,139.79
14.86,5.5065,-1.8834,7.4038,-74.72,127.36
14.87,5.4865,-1.874,7.5687,-61.86,99.75
14.88,5.4601,-1.8611,7.7432,-59.56,59.36
14.89,5.4276,-1.8457,7.9233,-69.5,10.82
14.9,5.3881,-1.8284,8.1044,-89.61,-39.62
14.91,5.3396,-1.8094,8.2816,-113.64,-84.95
14.92,5.28,-1.7885,8.4505,-134.34,-119.07
14.93,5.2073,-1.7645,8.6078,-146.15,-138.35
14.94,5.1205,-1.7361,8.7516,-145.73,-143.62
14.95,5.0196,-1.7013,8.8811,-133.67,-140.69
14.96,4.9055,-1.6588,8.9965,-115.27,-137.35
14.97,4.7801,-1.6075,9.098,-97.49,-139.82
14.98,4.6449,-1.5473,9.1852,-85.55,-151.11
14.99,4.5011,-1.4787,9.257,-81.76,-170.79
15.0,4.3491,-1.4025,9.3115,-84.47,-195.4
15.01,4.1888,-1.3197,9.3465,-87.9,-218.8
15.02,4.02,-1.2315,9.3597,-83.94,-233.22
15.03,3.8434,-1.1391,9.3499,-64.84,-231.62
15.04,3.6608,-1.044,9.3175,-25.69,-210.28
15.05,3.4764,-0.9483,9.2643,32.66,-170.58
15.06,3.2956,-0.8537,9.1944,102.22,-120.09
15.07,3.1251,-0.7617,9.1123,170.11,-71.38
15.08,2.9714,-0.6724,9.0226,222.87,-37.23
15.09,2.8395,-0.5854,8.9286,250.96,-25.82
15.1,2.7322,-0.5,8.8314,252.01,-38.85
15.11,2.6496,-0.4153,8.7297,230.96,-71.75
15.12,2.59,-0.3312,8.6205,197.35,-114.64
15.13,2.5502,-0.2476,8.4998,161.65,-154.97
15.14,2.5268,-0.1647,8.364,131.66,-181.32
15.15,2.5169,-0.083,8.2105,110.2,-185.79
15.16,2.5183,-0.0034,8.039,95.62,-165.45
15.17,2.5295,0.0724,7.8514,84.16,-123.73
15.18,2.5492,0.1428,7.6517,72.41,-69.82
15.19,2.5763,0.2067,7.4449,58.89,-15.31
15.2,2.6093,0.2639,7.2363,43.61,29.37
15.21,2.6468,0.3147,7.0302,26.54,57.93
15.22,2.6869,0.3594,6.8295,7.08,70.09
15.23,2.7279,0.3981,6.6354,-15.72,70.74
15.24,2.7672,0.4311,6.4482,-43.28,67.26
15.25,2.8022,0.4585,6.2677,-76.59,67.18
15.26,2.8296,0.4806,6.0942,-114.42,76.35
15.27,2.8456,0.498,5.9285,-153.27,96.92
15.28,2.8465,0.511,5.7727,-189.25,126.24
15.29,2.8287,0.5199,5.6295,-218.88,158.79
15.3,2.7894,0.5247,5.5021,-239.07,188.77
15.31,2.7265,0.5251,5.3934,-247.86,211.26
15.32,2.6393,0.5204,5.3054,-244.49,223.89
15.33,2.5281,0.5099,5.2396,-228.28,228.01
15.34,2.3945,0.4932,5.1964,-198.59,227.21
15.35,2.2416,0.4702,5.1759,-154.69,225.2
15.36,2.0736,0.4413,5.1778,-95.51,223.98
15.37,1.8966,0.4074,5.2021,-21.5,221.96
15.38,1.7178,0.3698,5.2484,61.9,214.03
15.39,1.5452,0.3302,5.3157,143.21,194.23
15.4,1.3866,0.2898,5.4021,207.79,159.26
15.41,1.2482,0.2495,5.5039,243.66,110.29
15.42,1.1334,0.2102,5.6165,246.06,52.62
15.43,1.0426,0.1727,5.7344,217.82,-5.76
15.44,0.9731,0.1381,5.8518,167.52,-56.02
15.45,0.9202,0.1083,5.9639,107.87,-90.56
15.46,0.8784,0.0846,6.0674,53.0,-105.21
15.47,0.8423,0.0683,6.1609,14.89,-100.36
15.48,0.8085,0.0599,6.2447,0.92,-80.55
15.49,0.7755,0.0594,6.3205,12.61,-52.79
15.5,0.7443,0.0672,6.3911,44.66,-24.86
15.51,0.718,0.0835,6.4589,86.27,-4.2
15.52,0.7003,0.1093,6.5259,124.61,3.39
15.53,0.6947,0.1455,6.5929,148.12,-5.15
15.54,0.7036,0.1933,6.6589,149.42,-29.69
15.55,0.7269,0.2531,6.7215,127.89,-66.54
15.56,0.7626,0.3242,6.7774,89.86,-108.64
15.57,0.8073,0.4053,6.8224,45.71,-147.63
15.58,0.8568,0.4942,6.8529,6.36,-176.5
15.59,0.9073,0.5884,6.866,-19.45,-191.44
15.6,0.9565,0.6852,6.8603,-27.11,-193.13
15.61,1.0034,0.7818,6.8354,-16.39,-186.96
15.62,1.0492,0.8755,6.7918,10.25,-180.68
15.63,1.0964,0.9641,6.7299,48.1,-180.72
15.64,1.1486,1.0456,6.6497,89.82,-190.73
15.65,1.2098,1.1188,6.5501,127.08,-211.32
15.66,1.2834,1.1824,6.4292,153.32,-239.05
15.67,1.3722,1.2358,6.2843,165.2,-266.97
15.68,1.4771,1.2785,6.1128,163.28,-287.33
15.69,1.5983,1.3104,5.913,151.88,-293.89
15.7,1.7346,1.3318,5.6842,137.15,-283.21
15.71,1.8848,1.3435,5.4274,124.85,-256.14
15.72,2.0477,1.3463,5.1452,118.47,-217.7
15.73,2.2226,1.3409,4.8414,116.84,-174.59
15.74,2.4093,1.3276,4.5201,112.93,-132.34
15.75,2.6069,1.3066,4.1854,96.06,-93.1
15.76,2.8137,1.2787,3.8414,56.81,-55.4
15.77,3.0257,1.2449,3.4918,-7.03,-17.33
15.78,3.2366,1.2068,3.1404,-86.69,20.4
15.79,3.4389,1.1656,2.791,-165.87,55.55
15.8,3.6251,1.1218,2.447,-228.94,86.66
15.81,3.7891,1.0749,2.1115,-266.11,113.0
15.82,3.9273,1.0246,1.7872,-274.55,135.0
15.83,4.0388,0.9712,1.4763,-258.93,155.15
15.84,4.1247,0.9155,1.1809,-230.17,176.37
15.85,4.1876,0.8582,0.9032,-201.45,199.09
15.86,4.2302,0.8003,0.6453,-184.5,220.42
15.87,4.2539,0.7427,0.4094,-186.24,235.92
15.88,4.2586,0.6865,0.1967,-206.51,242.17
15.89,4.2424,0.6329,0.008,-238.94,237.77
15.9,4.2024,0.5829,-0.1572,-273.82,223.75
15.91,4.1351,0.5369,-0.3002,-300.76,203.6
15.92,4.0383,0.495,-0.4229,-311.81,181.54
15.93,3.9108,0.4564,-0.5275,-303.75,161.55
15.94,3.7534,0.4206,-0.6157,-278.1,146.77
15.95,3.5686,0.3867,-0.6892,-240.41,137.6
15.96,3.3599,0.3544,-0.7488,-198.86,131.6
15.97,3.1312,0.3236,-0.7953,-161.11,126.39
15.98,2.8863,0.2943,-0.8291,-131.17,120.93
15.99,2.6282,0.2665,-0.8509,-108.16,114.85
16.0,2.3592,0.2405,-0.8612,-86.76,108.99
16.01,2.0818,0.2169,-0.8606,-59.87,105.18
16.02,1.7987,0.1973,-0.8494,-22.88,104.54
16.03,1.5135,0.1837,-0.8277,23.41,107.64
16.04,1.2308,0.1782,-0.7951,72.41,115.45
16.05,0.9552,0.1822,-0.7508,114.44,127.95
16.06,0.6908,0.1966,-0.6937,141.51,143.3
16.07,0.44,0.2214,-0.6223,150.47,159.22
16.08,0.204,0.2558,-0.5349,143.08,174.06
16.09,-0.018,0.2983,-0.4303,125.0,186.63
16.1,-0.2275,0.3468,-0.307,104.08,196.28
16.11,-0.4264,0.399,-0.1642,87.74,202.96
16.12,-0.6163,0.453,-0.0012,81.3,206.88
16.13,-0.7977,0.5076,0.1824,87.2,208.4
16.14,-0.9701,0.5625,0.3868,104.79,207.4
16.15,-1.1317,0.618,0.6119,131.32,202.33
16.16,-1.2801,0.6746,0.8569,162.42,190.28
16.17,-1.4122,0.7329,1.1208,191.68,167.76
16.18,-1.5254,0.7923,1.4011,211.55,131.58
16.19,-1.6178,0.8516,1.6942,215.71,81.58
16.2,-1.689,0.9087,1.9952,201.24,22.36
16.21,-1.7405,0.9621,2.2984,169.88,-38.25
16.22,-1.7753,1.0108,2.598,127.51,-91.69
16.23,-1.7974,1.0546,2.8887,81.98,-131.31
16.24,-1.8111,1.0937,3.1667,41.07,-155.04
16.25,-1.8205,1.1277,3.4295,11.03,-165.6
16.26,-1.8283,1.1565,3.676,-4.57,-168.87
16.27,-1.8363,1.1799,3.9056,-5.11,-171.83
16.28,-1.8443,1.1985,4.1178,7.93,-179.79
16.29,-1.8513,1.213,4.3119,31.21,-194.94
16.3,-1.8551,1.2238,4.4864,59.13,-216.8
16.31,-1.853,1.2313,4.6391,84.41,-242.84
16.32,-1.8426,1.2356,4.7675,99.72,-269.41
16.33,-1.8227,1.2372,4.869,99.59,-293.12
16.34,-1.7932,1.2368,4.9413,82.32,-311.46
16.35,-1.7559,1.2354,4.9827,50.77,-323.6
16.36,-1.7137,1.2339,4.9918,10.92,-330.34
16.37,-1.6704,1.2331,4.968,-30.53,-332.63
16.38,-1.63,1.2329,4.9111,-67.69,-331.54
16.39,-1.5962,1.2332,4.821,-96.81,-328.39
16.4,-1.5719,1.2337,4.6982,-117.12,-322.84
16.41,-1.559,1.2339,4.5433,-129.75,-312.61
16.42,-1.559,1.233,4.3572,-136.59,-295.57
16.43,-1.5726,1.2301,4.1418,-138.79,-269.52
16.44,-1.5998,1.2243,3.8998,-134.53,-231.22
16.45,-1.6402,1.2155,3.6351,-118.7,-178.41
16.46,-1.6921,1.2039,3.3528,-86.08,-112.25
16.47,-1.7521,1.1903,3.0596,-35.55,-38.25
16.48,-1.8154,1.1752,2.7625,27.16,33.62
16.49,-1.8759,1.1584,2.4684,90.92,91.88
16.5,-1.9276,1.139,2.1829,144.46,128.99
16.51,-1.9653,1.1158,1.9099,180.71,143.4
16.52,-1.9854,1.0876,1.6507,197.87,139.24
16.53,-1.9861,1.0538,1.4052,198.86,125.95
16.54,-1.9672,1.0138,1.1724,189.92,115.04
16.55,-1.9294,0.9673,0.9514,177.94,114.74
16.56,-1.8737,0.9146,0.7423,167.37,127.68
16.57,-1.8013,0.8562,0.5461,158.59,151.3
16.58,-1.7131,0.7928,0.3652,148.62,178.29
16.59,-1.6102,0.7256,0.2021,132.31,199.42
16.6,-1.4943,0.656,0.0585,104.7,207.69
16.61,-1.3684,0.5855,-0.0646,64.17,200.35
16.62,-1.2362,0.5148,-0.168,13.58,179.84
16.63,-1.1028,0.4442,-0.2536,-40.82,153.91
16.64,-0.9735,0.374,-0.3236,-91.85,132.67
16.65,-0.8531,0.3049,-0.38,-133.61,123.86
16.66,-0.7457,0.2379,-0.4237,-162.73,129.55
16.67,-0.6544,0.1745,-0.454,-179.37,145.87
16.68,-0.5808,0.1168,-0.4698,-187.33,164.98
16.69,-0.5259,0.0666,-0.4691,-192.49,178.0
16.7,-0.4903,0.0254,-0.4509,-201.02,177.99
16.71,-0.4751,-0.006,-0.4153,-218.02,161.8
16.72,-0.4819,-0.0274,-0.3639,-245.76,130.74
16.73,-0.5136,-0.0392,-0.2996,-282.62,90.8
16.74,-0.5737,-0.0426,-0.2262,-323.38,51.63
16.75,-0.666,-0.0394,-0.1472,-360.24,23.9
16.76,-0.7941,-0.0314,-0.0654,-384.88,16.1
16.77,-0.9603,-0.0201,0.0187,-390.71,31.81
16.78,-1.1649,-0.0068,0.1065,-373.32,68.43
16.79,-1.4063,0.0078,0.2015,-330.07,117.88
16.8,-1.6801,0.023,0.3083,-261.04,167.87
16.81,-1.9795,0.0388,0.4316,-170.23,204.1
16.82,-2.2956,0.0557,0.5747,-66.43,214.29
16.83,-2.6184,0.074,0.7385,36.26,192.51
16.84,-2.9381,0.0935,0.9208,120.66,140.98
16.85,-3.2465,0.1136,1.1168,173.16,70.06
16.86,-3.5385,0.1334,1.3197,190.28,-4.12
16.87,-3.8123,0.1515,1.5226,179.4,-64.64
16.88,-4.0685,0.1659,1.7197,154.93,-99.23
16.89,-4.3092,0.1746,1.9077,134.13,-104.16
16.9,-4.536,0.1754,2.0859,132.44,-85.54
16.91,-4.7489,0.1676,2.2558,158.09,-56.65
16.92,-4.9454,0.1516,2.42,208.61,-32.88
16.93,-5.1208,0.1292,2.5805,271.3,-26.96
16.94,-5.2693,0.1031,2.7377,327.91,-45.4
16.95,-5.3856,0.0763,2.8899,361.21,-87.09
16.96,-5.4667,0.0512,3.033,360.08,-144.63
16.97,-5.5128,0.029,3.1615,322.4,-206.96
16.98,-5.5274,0.0101,3.2696,255.83,-261.75
16.99,-5.5167,-0.0058,3.352,175.64,-297.94
17.0,-5.4885,-0.0192,3.4053,100.24,-308.89
17.01,-5.4498,-0.0307,3.4284,46.11,-294.25
17.02,-5.4057,-0.0408,3.4227,23.29,-259.53
17.03,-5.3585,-0.049,3.3913,33.08,-214.05
17.04,-5.3074,-0.0542,3.3385,69.17,-167.84
17.05,-5.2491,-0.0548,3.2689,120.44,-128.44
17.06,-5.1787,-0.0496,3.1862,173.75,-99.5
17.07,-5.0913,-0.0375,3.0933,216.3,-81.28
17.08,-4.9828,-0.0183,2.9921,238.39,-71.94
17.09,-4.8512,0.0077,2.8836,236.08,-68.83
17.1,-4.6965,0.04,2.7682,212.46,-69.29
17.11,-4.5209,0.0782,2.6459,176.22,-71.32
17.12,-4.3279,0.1216,2.5165,137.8,-74.42
17.13,-4.121,0.1687,2.3797,105.05,-79.9
17.14,-3.9034,0.2176,2.2348,80.58,-89.55
17.15,-3.6777,0.2656,2.0809,61.78,-103.57
17.16,-3.4459,0.3106,1.9166,43.02,-119.37
17.17,-3.21,0.3503,1.7406,18.56,-131.57
17.18,-2.9726,0.3833,1.5517,-15.02,-133.45
17.19,-2.7369,0.4084,1.3499,-57.91,-119.36
17.2,-2.5073,0.425,1.1368,-107.82,-86.49
17.21,-2.2885,0.4333,0.9154,-160.32,-35.52
17.22,-2.0858,0.4339,0.691,-209.0,28.89
17.23,-1.9038,0.4274,0.4696,-247.4,98.69
17.24,-1.7463,0.4148,0.258,-271.05,164.65
17.25,-1.6154,0.3964,0.0627,-277.09,219.57
17.26,-1.5119,0.3724,-0.1109,-265.0,260.69
17.27,-1.4346,0.3422,-0.2587,-238.82,288.81
17.28,-1.3812,0.3052,-0.3779,-206.91,305.46
17.29,-1.3486,0.2609,-0.4667,-178.88,312.46
17.3,-1.3342,0.2091,-0.5243,-162.65,312.46
17.31,-1.3366,0.1504,-0.5508,-162.23,308.4
17.32,-1.3557,0.0855,-0.5464,-176.02,303.12
17.33,-1.3926,0.0153,-0.5115,-197.55,298.43
17.34,-1.4493,-0.0591,-0.4468,-218.42,293.14
17.35,-1.5277,-0.1361,-0.3528,-230.71,283.46
17.36,-1.6289,-0.2132,-0.2306,-228.04,266.13
17.37,-1.7526,-0.2882,-0.0819,-206.87,240.42
17.38,-1.8965,-0.3593,0.0907,-168.16,208.82
17.39,-2.0571,-0.4258,0.2843,-117.14,177.4
17.4,-2.2293,-0.4875,0.4959,-61.27,153.33
17.41,-2.4078,-0.5448,0.7232,-8.56,141.02
17.42,-2.5875,-0.5979,0.965,33.93,141.49
17.43,-2.7643,-0.6472,1.2213,62.07,153.18
17.44,-2.9353,-0.6934,1.4931,75.38,170.99
17.45,-3.0991,-0.737,1.7821,76.07,186.79
17.46,-3.2557,-0.7785,2.0895,68.36,192.91
17.47,-3.4056,-0.8182,2.416,57.24,184.14
17.48,-3.5498,-0.8567,2.7605,46.37,157.78
17.49,-3.6895,-0.8946,3.1205,37.69,114.74
17.5,-3.8254,-0.9323,3.4917,32.01,60.71
17.51,-3.9581,-0.9697,3.869,28.74,4.57
17.52,-4.088,-1.0063,4.2471,27.07,-44.77
17.53,-4.2152,-1.041,4.621,27.37,-80.45
17.54,-4.3397,-1.0731,4.9874,30.49,-100.05
17.55,-4.4611,-1.102,5.3442,38.05,-107.08
17.56,-4.5787,-1.1278,5.6905,52.39,-108.85
17.57,-4.6909,-1.1512,6.026,74.5,-112.87
17.58,-4.7956,-1.1736,6.35,104.19,-124.74
17.59,-4.8897,-1.1964,6.6614,140.69,-146.74
17.6,-4.9698,-1.221,6.958,181.4,-177.15
17.61,-5.0318,-1.2482,7.2369,222.78,-211.64
17.62,-5.0718,-1.2777,7.4947,261.09,-244.88
17.63,-5.0859,-1.3087,7.7282,291.01,-271.42
17.64,-5.0713,-1.3401,7.935,307.97,-288.03
17.65,-5.0264,-1.3713,8.1133,311.1,-295.28
17.66,-4.9508,-1.4026,8.2623,301.99,-296.17
17.67,-4.8453,-1.435,8.3818,283.7,-295.01
17.68,-4.7116,-1.4701,8.4718,261.12,-296.6
17.69,-4.5519,-1.5095,8.5321,238.97,-304.19
17.7,-4.3684,-1.5541,8.562,220.23,-318.04
17.71,-4.1628,-1.6039,8.56,205.96,-335.81
17.72,-3.9366,-1.6581,8.5245,193.95,-353.5
17.73,-3.6913,-1.7151,8.4539,178.78,-366.46
17.74,-3.4284,-1.7731,8.3469,154.37,-370.81
17.75,-3.1505,-1.8296,8.2032,116.04,-364.6
17.76,-2.8615,-1.8826,8.0235,62.67,-347.68
17.77,-2.5666,-1.9306,7.8092,-1.6,-321.37
17.78,-2.272,-1.973,7.5631,-68.32,-289.0
17.79,-1.9841,-2.01,7.2882,-127.49,-255.63
17.8,-1.7088,-2.0421,6.9877,-171.72,-226.61
17.81,-1.4503,-2.0699,6.6645,-198.57,-206.12
17.82,-1.2113,-2.0938,6.3205,-209.5,-194.94
17.83,-0.9931,-2.1136,5.9569,-208.49,-188.86
17.84,-0.7957,-2.129,5.5747,-200.94,-180.75
17.85,-0.6185,-2.1389,5.1746,-191.86,-164.35
17.86,-0.4606,-2.1421,4.7586,-184.47,-135.36
17.87,-0.3213,-2.1372,4.3294,-179.54,-91.92
17.88,-0.2001,-2.1236,3.8915,-175.31,-35.87
17.89,-0.0965,-2.101,3.4503,-168.65,27.54
17.9,-0.0097,-2.0696,3.0119,-157.2,91.52
17.91,0.0613,-2.0297,2.5827,-141.23,148.93
17.92,0.1182,-1.9821,2.1681,-123.58,193.53
17.93,0.1625,-1.9277,1.7725,-107.73,222.34
17.94,0.1959,-1.867,1.399,-95.32,237.23
17.95,0.2196,-1.8001,1.049,-84.81,243.92
17.96,0.2347,-1.7268,0.7236,-72.27,249.11
17.97,0.2427,-1.6467,0.4232,-53.09,257.67
17.98,0.2455,-1.5597,0.1488,-23.75,270.66
17.99,0.2461,-1.4662,-0.0984,16.77,285.05
18.0,0.2485,-1.367,-0.3171,66.39,295.92
18.01,0.2575,-1.2632,-0.5062,119.96,299.32
18.02,0.2783,-1.1561,-0.6656,169.69,293.43
18.03,0.3156,-1.0467,-0.7957,206.47,279.03
18.04,0.373,-0.9357,-0.8979,222.57,260.18
18.05,0.4518,-0.8239,-0.974,214.45,243.31
18.06,0.5515,-0.7115,-1.0253,183.4,235.28
18.07,0.6689,-0.5982,-1.0527,134.4,241.46
18.08,0.7993,-0.4834,-1.0555,75.46,263.56
18.09,0.9373,-0.3668,-1.0314,16.13,298.6
18.1,1.0769,-0.249,-0.9773,-34.35,339.16
18.11,1.2133,-0.1312,-0.8892,-68.38,375.21
18.12,1.3434,-0.0149,-0.7638,-81.97,397.63
18.13,1.4656,0.0986,-0.5991,-76.6,400.93
18.14,1.5803,0.2084,-0.3946,-58.91,383.06
18.15,1.6891,0.3141,-0.1523,-38.12,344.37
18.16,1.7938,0.4153,0.1241,-22.93,286.24
18.17,1.8958,0.5114,0.4287,-19.01,209.48
18.18,1.9955,0.6023,0.7541,-27.23,117.69
18.19,2.0922,0.6883,1.0913,-44.37,23.16
18.2,2.1841,0.77,1.4312,-66.08,-56.03
18.21,2.2694,0.8486,1.7664,-87.83,-106.88
18.22,2.3458,0.9244,2.0918,-104.7,-126.49
18.23,2.4119,0.9973,2.4054,-113.03,-120.3
18.24,2.4668,1.0664,2.7073,-111.7,-100.08
18.25,2.5106,1.1306,2.9994,-101.2,-80.59
18.26,2.5444,1.1893,3.2831,-83.09,-74.66
18.27,2.5699,1.2419,3.559,-60.26,-89.5
18.28,2.5892,1.2884,3.8256,-36.58,-125.34
18.29,2.6047,1.329,4.0793,-16.71,-176.2
18.3,2.6182,1.3642,4.3154,-5.39,-231.76
18.31,2.6307,1.3949,4.5287,-4.72,-279.96
18.32,2.6424,1.4222,4.7145,-12.93,-310.99
18.33,2.6526,1.4481,4.8699,-25.59,-320.47
18.34,2.6602,1.4743,4.9939,-36.31,-308.98
18.35,2.6642,1.5027,5.0875,-37.49,-280.82
18.36,2.6648,1.5343,5.1533,-24.08,-243.89
18.37,2.6631,1.5697,5.1949,3.89,-207.52
18.38,2.662,1.6086,5.2157,42.48,-179.41
18.39,2.6652,1.6505,5.2183,85.22,-165.0
18.4,2.6766,1.695,5.2041,124.37,-165.87
18.41,2.7001,1.7413,5.1732,153.8,-178.08
18.42,2.7386,1.7886,5.1245,170.88,-194.77
18.43,2.7937,1.8363,5.0565,176.16,-209.41
18.44,2.8661,1.8841,4.9678,173.26,-217.02
18.45,2.9557,1.9321,4.8578,168.62,-215.32
18.46,3.0621,1.98,4.7266,169.55,-205.48
18.47,3.1857,2.0279,4.5751,181.48,-190.62
18.48,3.3276,2.0749,4.4047,205.35,-174.11
18.49,3.49,2.1203,4.217,236.13,-159.76
18.5,3.6759,2.1621,4.0133,264.03,-150.92
18.51,3.8877,2.1986,3.7945,277.29,-148.24
18.52,4.1265,2.2279,3.5609,265.13,-148.88
18.53,4.3908,2.2489,3.3126,220.68,-147.04
18.54,4.6763,2.2616,3.0499,144.26,-136.3
18.55,4.9755,2.2674,2.774,46.17,-113.83
18.56,5.2792,2.2689,2.4871,-54.27,-82.96
18.57,5.5778,2.2689,2.1921,-135.77,-51.34
18.58,5.8635,2.2708,1.8918,-183.06,-27.3
18.59,6.1319,2.2773,1.5886,-189.95,-18.22
18.6,6.382,2.2901,1.2832,-160.78,-28.43
18.61,6.6164,2.3102,0.9747,-110.82,-55.86
18.62,6.8396,2.3373,0.6604,-61.71,-92.19
18.63,7.056,2.3702,0.3372,-33.56,-125.93
18.64,7.268,2.4073,0.0019,-38.61,-145.64
18.65,7.4753,2.447,-0.3473,-77.81,-142.54
18.66,7.674,2.488,-0.71,-141.34,-113.04
18.67,7.8582,2.5294,-1.0832,-212.22,-59.89
18.68,8.0215,2.5708,-1.4619,-270.65,8.93
18.69,8.1583,2.612,-1.8395,-299.07,82.39
18.7,8.266,2.6522,-2.2089,-288.3,149.0
18.71,8.3457,2.6909,-2.5636,-241.36,200.03
18.72,8.4017,2.7275,-2.8986,-171.75,232.14
18.73,8.4405,2.7615,-3.2107,-97.52,247.82
18.74,8.4691,2.7918,-3.4982,-35.37,254.43
18.75,8.4935,2.8175,-3.76,3.23,261.98
18.76,8.5174,2.8374,-3.9952,14.27,279.15
18.77,8.542,2.8502,-4.2021,1.01,310.08
18.78,8.5662,2.8547,-4.3775,-28.46,352.92
18.79,8.5872,2.8498,-4.5173,-64.04,400.14
18.8,8.6018,2.8352,-4.6172,-96.13,441.55
18.81,8.6069,2.8111,-4.6731,-117.74,468.36
18.82,8.6004,2.7788,-4.6826,-126.2,474.99
18.83,8.5815,2.7399,-4.6449,-123.79,460.22
18.84,8.5502,2.6965,-4.5616,-115.95,427.82
18.85,8.5072,2.6503,-4.4355,-108.86,384.56
18.86,8.453,2.602,-4.271,-107.43,337.98
18.87,8.3878,2.551,-4.0724,-113.44,295.01
18.88,8.3109,2.4958,-3.844,-124.95,259.99
18.89,8.2214,2.4344,-3.5893,-137.84,234.12
18.9,8.1181,2.3653,-3.3107,-147.75,216.98
18.91,8.0,2.288,-3.0102,-151.71,206.98
18.92,7.8668,2.2032,-2.6887,-149.25,201.42
18.93,7.7187,2.1124,-2.3468,-142.1,197.71
18.94,7.5563,2.0172,-1.9851,-133.2,193.75
18.95,7.3803,1.9191,-1.6039,-126.37,187.17
18.96,7.1915,1.8191,-1.204,-124.64,175.05
18.97,6.99,1.7177,-0.7866,-128.73,154.85
18.98,6.7753,1.615,-0.3538,-137.22,125.27
18.99,6.5468,1.5111,0.0914,-146.13,86.23
19.0,6.3037,1.4064,0.5451,-149.56,39.22
19.01,6.0458,1.3011,1.0028,-142.87,-12.99
19.02,5.7738,1.1955,1.4593,-124.19,-67.07
19.03,5.4895,1.0901,1.9093,-94.55,-118.88
19.04,5.1958,0.9855,2.3477,-58.16,-163.85
19.05,4.8961,0.8822,2.7701,-20.69,-198.61
19.06,4.5942,0.781,3.1732,12.79,-221.12
19.07,4.2933,0.6826,3.5545,37.85,-230.56
19.08,3.9957,0.5873,3.9133,52.26,-228.05
19.09,3.703,0.4946,4.2497,56.95,-216.44
19.1,3.4157,0.4038,4.5646,54.22,-199.52
19.11,3.1336,0.3143,4.8598,47.18,-182.15
19.12,2.8561,0.2252,5.1368,39.69,-169.53
19.13,2.5825,0.1356,5.3968,34.37,-165.24
19.14,2.3122,0.0444,5.6401,31.84,-170.78
19.15,2.0451,-0.0494,5.8663,31.69,-186.18
19.16,1.7811,-0.1462,6.0738,32.32,-209.32
19.17,1.5201,-0.2463,6.2604,30.7,-235.93
19.18,1.262,-0.3488,6.4236,24.2,-261.41
19.19,1.006,-0.4528,6.561,12.68,-282.27
19.2,0.7511,-0.557,6.6704,-1.0,-296.15
19.21,0.4961,-0.6604,6.7506,-11.24,-302.22
19.22,0.2401,-0.7624,6.8008,-11.72,-302.3
19.23,-0.0168,-0.8624,6.821,1.65,-300.23
19.24,-0.2733,-0.9602,6.8113,29.71,-299.75
19.25,-0.5267,-1.0551,6.7717,70.13,-303.01
19.26,-0.7729,-1.1469,6.7019,117.94,-309.86
19.27,-1.0075,-1.2352,6.6011,167.32,-317.48
19.28,-1.2255,-1.3199,6.4689,213.65,-320.77
19.29,-1.4224,-1.4008,6.305,254.14,-313.87
19.3,-1.5942,-1.4779,6.1103,287.55,-291.94
19.31,-1.7375,-1.5512,5.8869,313.49,-253.24
19.32,-1.8498,-1.6206,5.6387,332.04,-201.42
19.33,-1.9292,-1.6861,5.3706,343.71,-144.66
19.34,-1.9744,-1.7474,5.0881,350.05,-92.3
19.35,-1.9848,-1.8045,4.7962,353.88,-52.45
19.36,-1.9599,-1.857,4.4988,357.73,-29.62
19.37,-1.8994,-1.9045,4.1981,362.28,-22.74
19.38,-1.8027,-1.9465,3.8951,366.99,-25.94
19.39,-1.6695,-1.9823,3.5896,369.9,-30.5
19.4,-1.4995,-2.0117,3.2814,366.39,-26.54
19.41,-1.2934,-2.035,2.9712,349.32,-6.03
19.42,-1.053,-2.0529,2.6609,309.64,33.78
19.43,-0.7826,-2.0667,2.3546,238.9,88.16
19.44,-0.4891,-2.0777,2.0573,135.86,144.65
19.45,-0.1827,-2.0871,1.7742,12.56,186.39
19.46,0.1249,-2.0957,1.5092,-107.96,200.11
19.47,0.4223,-2.1039,1.2636,-202.42,183.97
19.48,0.7003,-2.1113,1.0361,-257.6,147.54
19.49,0.9535,-2.1175,0.8233,-272.6,105.55
19.5,1.18,-2.1221,0.6215,-256.1,73.0
19.51,1.3813,-2.1251,0.4277,-223.68,61.0
19.52,1.56,-2.1267,0.2406,-193.58,72.69
19.53,1.7189,-2.1271,0.0615,-179.58,102.84
19.54,1.8592,-2.1266,-0.107,-185.7,141.19
19.55,1.9805,-2.1255,-0.2613,-205.66,175.63
19.56,2.081,-2.1242,-0.3983,-227.15,195.87
19.57,2.159,-2.1238,-0.516,-238.21,197.21
19.58,2.2136,-2.1252,-0.6142,-231.7,181.98
19.59,2.2453,-2.129,-0.6943,-207.12,158.42
19.6,2.2565,-2.1359,-0.7583,-170.53,138.1
19.61,2.2506,-2.1459,-0.808,-131.56,131.68
19.62,2.2312,-2.1592,-0.8439,-99.28,145.5
19.63,2.2016,-2.1755,-0.8646,-79.97,180.26
19.64,2.1634,-2.1943,-0.8667,-76.56,230.69
19.65,2.1171,-2.2147,-0.8454,-88.28,286.65
19.66,2.0616,-2.236,-0.7955,-110.64,336.38
19.67,1.9949,-2.2582,-0.7122,-136.4,370.2
19.68,1.9145,-2.2816,-0.5922,-157.54,383.23
19.69,1.8186,-2.307,-0.4343,-167.59,376.65
19.7,1.7061,-2.335,-0.2388,-163.76,356.66
19.71,1.5775,-2.3659,-0.0077,-147.94,331.11
19.72,1.4341,-2.3989,0.2566,-126.15,305.17
19.73,1.278,-2.4327,0.5516,-106.31,277.71
19.74,1.111,-2.4657,0.8743,-94.88,240.83
19.75,0.9341,-2.4967,1.2208,-93.41,184.91
19.76,0.7476,-2.5248,1.5853,-98.15,108.29
19.77,0.5513,-2.5496,1.9606,-103.3,22.16
19.78,0.3446,-2.5708,2.3385,-104.33,-56.98
19.79,0.1275,-2.5884,2.7112,-98.08,-117.65
19.8,-0.0992,-2.6027,3.073,-81.82,-155.13
19.81,-0.3339,-2.6138,3.4199,-54.07,-170.13
19.82,-0.5738,-2.6218,3.7504,-15.68,-169.0
19.83,-0.8151,-2.6259,4.0642,31.35,-162.54
19.84,-1.0532,-2.6251,4.3618,85.23,-162.36
19.85,-1.2828,-2.6179,4.643,144.44,-176.59
19.86,-1.498,-2.6033,4.9062,206.16,-206.62
19.87,-1.6927,-2.5812,5.1487,263.8,-246.82
19.88,-1.8614,-2.5521,5.3666,307.73,-286.79
19.89,-2.0001,-2.5168,5.5563,329.58,-315.67
19.9,-2.1065,-2.4765,5.715,325.71,-326.58
19.91,-2.181,-2.4323,5.8417,298.28,-318.38
19.92,-2.2261,-2.3852,5.9371,254.72,-295.53
19.93,-2.246,-2.3359,6.0032,205.0,-266.69
19.94,-2.2455,-2.2848,6.0428,157.44,-241.17
19.95,-2.2291,-2.2323,6.0581,115.95,-224.59
19.96,-2.2011,-2.1789,6.0509,80.45,-216.26
19.97,-2.165,-2.1256,6.0222,49.56,-210.89
19.98,-2.1239,-2.074,5.9725,22.06,-203.24
19.99,-2.0807,-2.026,5.9029,-3.08,-190.74
